date,title,short_opening
2025-04-06,Russia Strikes Kyiv as Ukraine Mourns Deadly Attack on Zelensky’s Hometown,"While Russian missile and drone bombardments have been unrelenting over more than three years of war, they have intensified in recent weeks amid U.S.-led peace talks."
2025-04-08,Zelensky Claims Capture of 2 Chinese Citizens Fighting for Russia,"The Ukrainian president did not suggest that they had been sent by Beijing’s military, but he pointed to their presence as further evidence that Moscow was not truly interested in peace."
2025-04-09,Zelensky Doubles Down on Claim That Many Chinese Are Fighting for Russia,"Ukrainian President Volodymyr Zelensky said more than 150 Chinese men were fighting for Russia in Ukraine, hours after China dismissed claims that many of its citizens were involved in the war."
2025-04-22,Trump and Zelensky Are Among the Leaders Planning to Attend Francis’ Funeral,Pope Francis’ funeral on Saturday will bring together leaders who sometimes clashed with the pope on issues such as global migration.
2025-04-22,Rubio Skipping Ukraine Talks as Zelensky Rebuffs U.S. on Crimea,The decision by Secretary of State Marco Rubio to pull out of the meeting and an objection by Ukraine’s leader to a key U.S. proposal raised questions about the state of the negotiations.
2025-04-23,Thursday Briefing: Trump Lashes Out at Zelensky,"Plus, the perfect pour-over coffee."
2025-04-24,Thursday Briefing: Trump Lashes Out at Zelensky,"Plus, the perfect pour-over coffee."
2025-04-24,Red Line on Crimea Isn’t Just Zelensky’s. It’s Ukraine’s.,"In Ukraine, memories of Russia’s annexation are fresh and resentments run high, leaving the country’s president few choices on the latest American peace plan."
2025-04-27,"With Trump-Zelensky Meeting, Ukrainians See a Glimmer of Hope","The United States has been pushing Ukraine to accept a peace plan that seems in part a gift to Moscow. But the short meeting of the leaders, and subsequent comments, appeared to be a change in tone."
2025-04-28,Trump Talks About His Meeting With Zelensky at the Vatican,"President Trump spoke about his meeting with Ukraine’s leader in St. Peter’s Basilica, their first since a heated encounter in the Oval Office in February."
2025-04-29,Zelensky Calls Putin’s 72-Hour Truce Pledge ‘Manipulation’,"Russian forces launched 100 attack drones across Ukraine overnight, hours after President Vladimir V. Putin ordered a unilateral three-day cease-fire starting on May 8."
2022-06-03,Zelensky tells U.S. mayors to end their sister-city ties with Russia.,The Ukrainian president said the relationships allow Moscow to say ‘it is not isolated.’
2022-06-14,"The battle for Ukraine’s Donbas will be remembered for its brutality, Zelensky says.","Ukraine’s fight to defend the Donbas region against Russia will “go down in military history as one of the most brutal battles in Europe and for Europe,” President Volodymyr Zelensky said in his nightly address on Monday."
2022-06-14,Zelensky broke from his usual speech attire to wear a Singapore teen’s T-shirt design.,
2022-06-18,Zelensky Visits War-Torn Mykolaiv and Odesa in Southern Ukraine,The president’s trip aimed to highlight Ukraine’s grip on the area and to lift the spirits of an embattled populace.
2022-06-19,Zelensky visits war-torn Mykolaiv and Odesa in southern Ukraine.,"LVIV, Ukraine — President Volodymyr Zelensky of Ukraine on Saturday morning made an unannounced visit to Mykolaiv, a southern Ukrainian city battered by the war that has been held up by Kyiv as a sign of fierce resistance, and the nearby port city of Odesa."
2022-06-29,Zelensky urges the U.N. to label Russia a terrorist state over a missile strike on a shopping mall.,"President Volodymyr Zelensky of Ukraine addressed the United Nations Security Council on Tuesday, calling for the organization to brand Russia a terrorist state and dispatch investigators to inspect a missile attack on a shopping mall a day earlier in the city of Kremenchuk."
2024-01-16,"Zelensky Calls for Peace, Not More Weapons, in Davos","In a speech in Switzerland, the Ukrainian president asked for more sanctions on Moscow, but he did not appeal for weaponry for new offenses."
2024-01-17,The Zelensky-Trump Divide at Davos,Ukraine’s leader and the potential re-election of Donald Trump as president are dominating discussion at the World Economic Forum.
2024-01-21,Volodymyr Zelensky’s Greatest Performance,"In “The Showman,” the journalist Simon Shuster trails the entertainer-turned-wartime president as he rallies the world for support."
2025-05-02,How Zelensky Maneuvered Himself Out of the Doghouse With Trump,"In his zigzagging approach to ending the war in Ukraine, President Trump has shifted his frustration — for now — from Ukraine’s leader to Vladimir Putin."
2023-04-05,"Zelensky Gets Hero’s Welcome in Poland, Cementing Ukraine’s Ties","Polish leaders backed Ukraine’s bid for NATO membership, but even without that, Russia’s invasion is making the alliance’s eastern flank more united, and more important."
2023-04-06,Zelensky’s aides send mixed messages on Crimea and the possibility of negotiations.,Top government officials in Kyiv clarify that their mission remains to reclaim all Ukrainian territory from Russia.
2023-04-19,Zelensky and Putin Make Dueling Trips to Front Line in Ukraine,The visits by the Ukrainian and Russian leaders came as both sought to display strength and confidence ahead of an anticipated Kyiv counteroffensive.
2023-04-22,Zelensky Signs Ban on Russian Place Names in Struggle Over National Identity,The action late Friday was the latest in a series of steps by Ukraine to distance itself from a long legacy of Russian domination.
2023-04-26,"Xi and Zelensky Talk at Last, but Words Are Chosen Carefully","Volodymyr Zelensky has urged discussions with Xi Jinping since the Russian invasion, but in its official account of the phone call, China left out two words: “Russia” and “war.”"
2023-04-28,Pranksters posed as Zelensky in a call with the Federal Reserve chairman.,"WASHINGTON — Pranksters posing as President Volodymyr Zelensky of Ukraine tricked the chair of the Federal Reserve, Jerome H. Powell, into having a conversation with them in January, according to video clips covered on Russian state television and posted online."
2023-08-12,Zelensky Called Him a Criminal. Now Ukraine Calls Him for Guns and Ammo.,"In its hunt for weapons, Ukraine has rolled back anticorruption rules and turned to people once seen as relics of an anything-goes era."
2023-08-21,Zelensky Thanks Denmark for Pledging F-16 Fighter Jets to Ukraine,The Netherlands and Denmark became the first countries to announce that they would donate the planes.
2022-11-08,Zelensky warns the U.N. climate gathering that Russia’s war is undercutting any possible collective action.,Reports from the ground and research on previous armed conflicts suggest that the ecological impact of the conflict could be enormous.
2022-11-11,Zelensky says dozens of towns and villages in the Kherson region have been retaken.,"Russia’s announcement this week that it was retreating from parts of the Kherson region has been cast in doubt, as events have been obfuscated by the fog of war and concern rose in Kyiv that the Kremlin might be bluffing in an effort to draw Ukrainian troops into a trap."
2022-11-13,"Zelensky calls the fighting in Donetsk ‘hell,’ a sobering view after the recapture of Kherson.",Some military analysts said that the recapture of Kherson might enable Ukraine to shift forces as well as artillery east to Donetsk.
2022-11-17,"Ukraine Is Advancing, and Russia Is Retreating, but President Zelensky Has a Big Problem",The economy is in tatters.
2022-11-19,"With nearly half of Ukraine’s energy grid knocked out, Zelensky says 17 regions face a ‘difficult situation.’","As temperatures drop into the 30s Fahrenheit and winter closes in, Ukraine is grappling with energy supply problems caused by Moscow’s relentless bombardment of the country’s infrastructure, President Volodymyr Zelensky of Ukraine says."
2022-11-30,Watch Live: Zelensky Addresses DealBook Summit,President Volodymyr Zelensky is the sixth president of Ukraine.
2022-11-30,President Zelensky of Ukraine rebukes Elon Musk’s peace proposal.,"Speaking at the DealBook summit, the Ukrainian leader said the billionaire would do well to fully understand the situation before making pronouncements about it."
2022-11-30,Zelensky Derides Musk’s Peace Proposal for Ukraine and Russia,"During an interview at The New York Times’ DealBook Summit, President Volodymyr Zelensky of Ukraine rebuked Elon Musk’s peace proposal that included ceding territory to Russia."
2022-10-02,Zelensky says Russia’s retreat shows its annexation moves are a ‘farce.’,"President Volodymyr Zelensky of Ukraine quickly sought to capitalize politically on the Russian retreat from the crucial rail hub of Lyman, saying that it showed that Moscow’s attempt to illegally annex much of the country was an “absolute farce.”"
2022-10-04,Zelensky promises a ‘clear and fair’ approach in reclaimed territory.,President Volodymyr Zelensky of Ukraine is seeking to reassure Ukrainians living in territory the country has reclaimed that they would be treated fairly.
2022-10-11,Zelensky Asks G7 Leaders for More Air Defense Systems,President Volodymyr Zelensky of Ukraine made the request during an emergency virtual meeting called by the Group of 7 in response to Russia’s onslaught against civilian targets.
2022-10-18,"Yellen, Zelensky and Zuckerberg Will Speak at DealBook Summit","The conference, scheduled for Nov. 30, will bring together the biggest newsmakers in business, politics and culture."
2022-10-20,"Zelensky says Russia plans to blow up a major dam in a ‘false flag’ attack, flooding southern Ukraine.",The Ukrainian president called for an international observation mission at the dam’s hydroelectric plant to prevent a potential catastrophe.
2022-10-21,Zelensky accuses Russia of deliberately slowing grain shipments.,"The U.N. confirmed a backlog of 150 ships waiting to fulfill contracts to transport Ukrainian food products, a delay that comes as a deadline to renew a grain deal nears."
2023-11-01,Frustrated Zelensky Says Ukraine’s War Effort Is Being Underestimated,"As U.S. officials warned senators against halting military aid, President Volodymyr Zelensky said his troops’ achievements were “perceived as a given.”"
2023-11-04,Zelensky Rebuke of Top General Signals Rift in Ukrainian Leadership,The presidential office said Gen. Valery Zaluzhny’s declaration that the war is at a stalemate was helpful to the Russians.
2023-11-05,"Russian Strike on Soldiers at Ceremony Was a Crime, Zelensky Says","Troops were killed as they gathered in a southern village for a military commemoration, officials said."
2023-11-09,Ramaswamy Seemed to Call Zelensky a Nazi. His Campaign Says That’s Not What He Meant.,"A spokeswoman for Mr. Ramaswamy acknowledged that, without context, his remark could be easily misunderstood."
2023-05-03,Zelensky Travels to Finland to Meet With Nordic Leaders,The Ukrainian president has made few overseas trips since Russia launched its full-scale invasion of Ukraine.
2023-05-03,Zelensky says Russia is trying to stoke support at home by blaming Kyiv.,The Ukrainian president flatly denied that his country was behind any drone attack on the Kremlin.
2023-05-03,"Zelensky arrives in the Netherlands for an address at The Hague, Dutch media reports.",The Ukrainian president has long urged that Vladimir Putin and others be held to account under international law.
2023-05-04,Zelensky addresses The Hague as he pushes for a special tribunal for Russia.,"President Volodymyr Zelensky of Ukraine on Thursday delivered an address at The Hague, the seat of the International Criminal Court and a longtime symbol of international law and justice, as he pushed for a special tribunal to prosecute Russian leaders for crimes committed during the war."
2023-05-04,"In The Hague, Zelensky Renews Call to Prosecute Russian War Crimes","As international support for an independent tribunal appears to be growing, the Ukrainian leader called for “true justice” for crimes in the war."
2023-05-11,"Zelensky, Citing Equipment Gaps, Says It’s Too Soon for Counteroffensive","Ukraine’s president played down the chance of an imminent military move, but the claim was greeted with some skepticism."
2023-05-13,Zelensky Meets Pope and Meloni in Italy to Bolster Ukraine’s Support,"The Ukrainian president’s talks with the pope and Prime Minister Giorgia Meloni came at a potentially pivotal moment in the war with Russia, as Kyiv’s forces make advances near the key city of Bakhmut."
2023-05-14,"Zelensky Visits Germany, Praising Weapons Pledge and Seeking Jets","The Ukrainian president was received with military honors in Berlin, where he thanked Germany’s leaders for standing with his country."
2023-05-15,"In European Tour, Zelensky Reaps Billions More in Promised Military Aid","His trips to Britain, Germany, France and Italy demonstrated the shifting political landscape when it comes to supporting Kyiv, as concerns grow about U.S. backing as the presidential election looms."
2023-05-19,"With Prospect of F-16s Closer, Zelensky Will Attend the G7 Strengthened",The Ukrainian president’s attendance at the meeting comes after President Biden opened the door to other nations training Ukrainian pilots and sending their F-16s to Kyiv.
2023-05-19,Zelensky Urges Arab Leaders Not to ‘Turn a Blind Eye’ to Russian Aggression,"Addressing an Arab League summit in Saudi Arabia, President Volodymyr Zelensky of Ukraine urged Arab nations to stand with him against Russia and called out their reluctance to take sides in the war."
2023-05-19,Zelensky Appeals to Arab Leaders for Help Resisting Russia’s Invasion,President Volodymyr Zelensky of Ukraine called for help freeing Ukrainians held in Russian prisons during an address to the Arab League summit.
2023-05-20,"After a Show-Stopping Entrance at the G7, Zelensky Pleads for More Aid",He urged his supporters to stay the course and tried to convince fence sitters like India and Brazil that there is no middle ground.
2023-05-21,Images of a Ruined Hiroshima Remind Zelensky of Present-Day Bakhmut,"While it “wouldn’t be fair” to compare Hiroshima to what is happening in his country, Ukraine’s president said the city’s atomic bomb museum offered grim echoes of fresh devastation."
2023-05-22,Zelensky wraps up another fruitful trip and Russia claims a big win in Ukraine.,"President Volodymyr Zelensky of Ukraine grabbed the spotlight at the Group of 7 summit in Japan and won even more pledges for military aid, including training for Ukraine’s pilots on F-16 fighter jets. But at home this week he faces questions about the future of the eastern city of Bakhmut, the deadliest battle of the war."
2024-07-11,Biden Mixes Up Kamala Harris and Donald Trump After Doing the Same With Zelensky and Putin,The gaffe referring to his own running mate as “Vice President Trump” during a closely watched news conference came shortly after he introduced the president of Ukraine as “President Putin.”
2024-07-19,Zelensky Becomes First Foreign Leader to Visit U.K. Cabinet Since Clinton,President Volodymyr Zelensky briefed Keir Starmer’s top team in an appearance designed to showcase Britain’s steadfast support for Ukraine in its war against Russia.
2024-07-20,Trump and Zelensky Speak by Phone as Ukraine Worries About U.S. Backing,Kyiv ponders what another Trump administration would mean for its war initiatives.
2025-03-01,Europe Rallies Around Zelensky After Explosive White House Meeting,"The statements piled up on social media, offering words of encouragement to the Ukrainian leader and his people."
2025-03-01,‘This Is Going to Be Great Television’: Trump Sums Up His Zelensky Showdown,The ratings are never far from President Trump’s mind.
2025-03-01,"In Showdown With Zelensky, Trump Takes Offense on Putin’s Behalf","Never in the past few decades at least has an American president engaged in such an angry, scathing attack on a visiting foreign leader in the Oval Office."
2025-03-01,Trump’s Dressing Down of Zelensky Plays Into Putin’s War Aims,The public blowup could propel President Vladimir V. Putin of Russia to escalate the fight in Ukraine instead of agreeing to peace.
2025-03-01,"Shocked by Trump, Zelensky and Ukraine Try to Forge a Path Forward","After President Trump’s rebukes, President Volodymyr Zelensky tried to repair the relationship with his counterpart while also reaching out to European allies."
2025-03-01,How Zelensky’s Oval Office Meeting Turned into a Showdown With Trump,The question hovering over Washington was whether the confrontation was a spontaneous outburst or a planned verbal smack down.
2025-03-01,Trump Berates Zelensky and Putin Benefits,"The United States’ relationship with Ukraine erupted in a storm of acrimony on Friday as President Trump and Vice President JD Vance berated President Volodymyr Zelensky of Ukraine in an explosive televised Oval Office showdown and abruptly cut short a visit meant to coordinate a plan for peace. Erica Green, a White House correspondent for The New York Times, breaks it down."
2025-03-01,‘Why Don’t You Wear a Suit?’: A Right-Wing News Outlet With Coveted Access Questions Zelensky,"After the White House began to handpick pool reporters, Brian Glenn of the conservative Real America’s Voice network got to be front and center for the Ukrainian president’s visit."
2025-03-02,‘S.N.L.’ Reprises the Trump-Zelensky Oval Office Face-Off,"Mike Myers, as Elon Musk, adds an extra measure of crazy to an already bizarre moment in MAGA-era foreign policy."
2025-03-02,"Rubio Attacks Zelensky, Firmly Defending Trump and Vance","Facing a wave of criticism from his former Senate colleagues, Secretary of State Marco Rubio backed the complaints lobbed by President Trump and Vice President JD Vance against Ukraine’s leader."
2025-03-03,The Fallout From Zelensky and Trump’s Oval Office Meltdown,"A clash between presidents, and its consequences."
2025-03-03,Zelensky Turns to Diplomacy in a War With ‘a Long Way to Go’,"After a startling clash with President Trump, who has echoed the Kremlin view of the war, Ukraine’s leader is trying to shore up European support and smooth over relations with Washington."
2025-03-04,Late Night Recaps Zelensky’s Casual Friday at the White House,"“I don’t see you asking Elon Musk if he owns a suit,” Seth Meyers said of the reporter who questioned Ukraine’s president about his attire."
2025-03-04,"Zelensky Offers Terms to Stop Fighting, Assuring U.S. That Ukraine Wants Peace","“We are working on all possible scenarios to protect Ukraine,” said President Volodymyr Zelensky, whose country was looking to European allies for support."
2025-03-05,Quote of the Day: Zelensky Tries To Make Peace On Every Front,"Quotation of the Day for Wednesday, March 5, 2025."
2025-03-05,"After Days of Coaching, Zelensky Seeks a Path to Trump’s Good Graces",Prime Minister Keir Starmer of Britain and President Emmanuel Macron of France have been prodding and counseling Volodymyr Zelensky on how to deal with President Trump.
2025-03-06,Missile Strikes Hotel in Zelensky’s Hometown in Ukraine,"At least four people were killed in a Russian attack, Ukraine said, amid concerns about air defenses after the U.S. said it was suspending military and intelligence aid."
2025-03-06,Russian Missile Strikes Hotel in Zelensky’s Hometown,Residents and aid workers said they received warnings only a few minutes before a missile struck a hotel in the hometown of President Volodymyr Zelensky in central Ukraine.
2025-03-10,Zelensky Meets With Saudi Crown Prince Before U.S.-Ukraine Talks,The prince wants Saudi Arabia to be a middleman in peace talks. Ukraine’s leader said they’d discussed “steps and conditions needed to end the war.”
2025-03-10,Trump’s Attacks Give Zelensky a Bit of a Reprieve at Home,"The Ukrainian leader’s approval rating is rising, and critics have backed off after he was humiliated and criticized by President Trump, who has also demanded new elections in Ukraine."
2025-03-12,Zelensky Says Ukraine Showed ‘We Want a Fast Peace’,"While Ukraine said it would agree to a 30-day cease-fire proposal, many in the country were skeptical about whether Russia would do the same."
2025-03-13,Trump Sees ‘Good Signals’ on Russia-Ukraine Cease-Fire. Zelensky Does Not.,"U.S. officials were in Moscow for talks, and the Russian leader said he was open to a cease-fire, but President Volodymyr Zelensky of Ukraine expressed skepticism."
2025-03-14,What Zelensky Does Next,"Different sides of the war in Ukraine reach for different, simple narratives about Mr. Zelensky. The truth has always been more complicated."
2025-03-15,Zelensky Accuses Russia of Trying to Trap Ukraine’s Forces Amid Cease-Fire Talks,"The Kremlin is pressing an offensive to take back its land in the Kursk region, while prolonging negotiations over a proposal by Washington and Kyiv."
2025-03-19,Zelensky Agrees to Halt Strikes on Russian Energy Targets in Call With Trump,"President Trump also floated the idea of the United States taking control of Ukrainian power plants, according to U.S. officials. The Ukrainian president said he was not pressured about the proposal."
2022-02-08,"Macron meets Zelensky in Ukraine, as Russia keeps the world guessing.","KYIV, Ukraine — President Emmanuel Macron of France said on Tuesday that the Ukraine crisis could take months to resolve, but that his shuttle diplomacy this week between Russia and Ukraine had raised hopes of stabilizing the situation."
2022-02-19,President Zelensky asks the West to make no deals ‘behind our back’ as the threat to Ukraine grows.,"MUNICH — As shelling hammered towns in eastern Ukraine on Saturday and civilians boarded buses to evacuate the region, Russia engaged in a dramatic display of military theater, test-firing ballistic and cruise missiles in a reminder to the West that a conflict over Ukraine could quickly escalate."
2022-02-19,"Zelensky leaves Ukraine, heading to Munich to rally Western support.","President Volodymyr Zelensky of Ukraine chose not to cancel his scheduled trip out of the country Saturday to attend a security conference in Munich, even as warnings from the West about a Russian invasion of his country grew increasingly urgent."
2022-02-19,President Zelensky criticizes the allied response to Russia’s buildup.,The Ukrainian leader thanked the West but said sanctions should be applied now and that repeated predictions of imminent war were damaging.
2022-02-24,Zelensky Declares Martial Law in Ukraine,"In a televised address to the nation, President Volodymyr Zelensky of Ukraine declared martial law, but did not say what restrictions would be in place."
2022-02-24,Zelensky Steps Into a Role Few Expected: Ukraine’s Wartime President,"Even as doubts have lingered about his preparedness to lead, Volodymyr Zelensky, a former actor, gave the performance of his life as Russian forces prepared to invade."
2022-02-25,Zelensky says Russian saboteurs are in Kyiv and he is Moscow’s prime target.,"Ukraine’s president, Volodymyr Zelensky, said that Russian saboteurs had entered Kyiv, the capital, and that he was “target No. 1” for Russian forces, followed by his family."
2022-02-25,"In Video, a Defiant Zelensky Says, ‘We Are Here’","The 44-year-old president of Ukraine videotaped himself in Kyiv as Russian forces closed in on the capital, vowing to fight them to the end."
2022-02-27,"How Volodymyr Zelensky rallied Ukrainians, and the world, against Putin.","Mr. Zelensky’s decision to remain in the capital, Kyiv, while it’s under Russian attack has moved many."
2022-02-28,"Zelensky, in a passionate speech, urges the E.U. to admit Ukraine immediately.",President Volodymyr Zelensky of Ukraine urged the European Union on Monday to grant his country immediate accession to the bloc in response to Russia’s invasion.
2023-06-01,Zelensky pushes for E.U. and NATO membership at a meeting of European leaders in Moldova.,"“This year is for decisions,” President Volodymyr Zelensky of Ukraine said at the European Political Community gathering, which sought to showcase Western solidarity amid the Kremlin’s war."
2023-06-08,Kherson is hit by Russian shelling hours after a Zelensky visit.,"Ukraine’s interior ministry said that eight people were injured in an attack near an evacuation point where medics, emergency workers and rescue teams have been gathering."
2023-06-08,"Zelensky Visits Ukraine’s Flood Zone, Where Residents See ‘Horror’ Float By","President Volodymyr Zelensky traveled to the city of Kherson, trying to rally rescue crews. Russian forces shelled the city not long after his visit."
2023-06-10,Zelensky Signals Ukraine’s Counteroffensive Has Begun,"As waters from the flooding of a burst dam began to recede, Ukrainian forces were trying to break through stout Russian defenses in the south and east."
2023-06-21,Allies Pledge Billions for Ukraine’s Recovery as Zelensky Stresses Urgency,"The price tag for reconstruction has soared, driving debate among U.S. and European officials, legal experts and others about using frozen Russian assets to pay for it."
2023-06-29,"Pence Meets With Zelensky in Ukraine, Highlighting G.O.P. Split Over War","Former President Donald J. Trump has been critical of U.S. involvement in Ukraine’s defense, as has Gov. Ron DeSantis of Florida."
2024-08-04,"Ukraine Has Received F-16 Fighter Jets, Zelensky Says",President Volodymyr Zelensky did not say whether the jets had already flown combat missions. A shortage of trained pilots and a limited number of jets will constrain their immediate impact.
2024-08-15,"Ukraine Captures Russian Town, Zelensky Says","The fall of Sudzha, about six miles from the border, would be Ukraine’s first capture of a Russian town since its troops crossed into Russian territory 10 days ago."
2024-08-20,Zelensky Says Push Into Russia Shows the West’s Red Lines Are ‘Naïve’,President Volodymyr Zelensky of Ukraine seized on the incursion’s success to press allies to lift a longtime restriction: the use of Western-supplied long-range weapons against Russia.
2024-08-24,"On Ukraine’s Independence Day, Zelensky Celebrates Push Into Russia","Although the cross-border offensive carries risks, it also paid dividends on Saturday with the first prisoner swap with Russia in several months."
2024-08-30,Zelensky Dismisses the Head of the Air Force Days After F-16 Crash,"The Ukrainian president gave no reason, but there are indications that friendly fire may have brought down the jet, a Western official said."
2023-12-10,Zelensky to Visit Washington With U.S. Aid to Ukraine in Doubt,Officials announced that the Ukrainian president would travel to Washington on Tuesday for a last-ditch lobbying effort with President Biden and members of Congress.
2023-12-11,"As Zelensky Heads to Washington, Russia Targets Kyiv With Missiles",The Ukrainian leader will be appealing for more military support from the United States as an emboldened Russia steps up its attacks on his country.
2023-12-12,"Zelensky Begins Aid Push in Washington, Casting Inaction as Win for Putin",The Ukrainian president plans to meet with President Biden and lawmakers on Tuesday as chances of an aid deal in Congress have become increasingly bleak.
2023-12-12,"Zelensky in Washington, and a Texas Abortion Case Ruling",Hear the news in five minutes.
2023-12-12,"Republicans Sideline Zelensky With Border Demands, Imperiling Aid Package","The Ukrainian president delivered an urgent plea for more help for his country in its fight against Russia, only to be told by Republicans that his challenges were not their focus."
2023-12-12,"In Washington, Zelensky Faces Republican Intransigence","Also, Biden and Netanyahu disagree over the war’s next steps. Here’s the latest at the end of Tuesday."
2023-12-15,Zelensky Returns to Ukraine With Little Aid and a Raft of Needs,"The European Union’s willingness to open accession talks will lift morale, but the more immediate prospects for financial support from allies is sobering."
2023-12-19,"Zelensky, After Tough Year on Battlefield, Insists Ukraine Will Prevail","Ukraine’s counteroffensive sputtered, but President Volodymyr Zelensky argued that Russia, too, “failed to achieve any results” on the ground, while Ukraine had successes at sea."
2024-09-04,"N.Y. Official Accused of Aiding China, and Zelensky Plans Cabinet Shake-Up","Plus, robot taxis — with human helpers."
2024-09-06,"Meeting With Allies, Zelensky Presses for More Weapons","The Ukrainian leader argued that escalating military pressure on Russia, combined with diplomacy, was the best way to motivate Moscow to seek peace."
2024-09-24,Zelensky Prepares for Tough Act Putting Ukraine War Back on Global Agenda,"In his speech to the U.N. General Assembly on Wednesday and then a meeting with President Biden a day later, the Ukrainian president will be pleading for more military and political support."
2024-09-24,Zelensky Says Western Allies Must Allow Ukrainian Strikes Deep Into Russia,"The leaders of Ukraine and Denmark said in a joint interview that allied nations must lift restrictions on arms, increase their production and help Ukraine build weapons inside the country."
2024-09-24,"Zelensky Addresses the Security Council, Calling for Attention to Stay on Ukraine",“Russia can only be forced into peace.” President Volodymyr Zelensky of Ukraine urged the Council members to sustain their backing for his country’s resistance to Russia’s full-scale invasion.
2024-09-25,What Is Zelensky’s ‘Victory Plan’ for Ukraine’s War With Russia?,The Ukrainian leader aims to present President Biden with a strategy to improve his country’s position ahead of any peace negotiations with Russia.
2024-09-25,Zelensky Warns U.N. Against Conceding to Russia’s ‘Insane’ Desire for Land,"President Volodymyr Zelensky of Ukraine told the meeting of world leaders that capitulating to Russia would only give its president, Vladimir Putin, the “political space to continue the war.”"
2024-09-26,Zelensky Pleads for More U.S. Weapons in Meetings With Biden and Harris,"The stakes are high for the Ukrainian leader, who is trying to fend off Russia’s invasion while also navigating tricky U.S. politics that could determine future of American aid."
2024-09-26,"Harris Meets With Zelensky, Anticipating a Handover of Global Crises",The meeting signaled that the White House was preparing her to take over a thorny diplomatic relationship should she win the election in November.
2024-09-26,Zelensky’s Star Power Fades on Capitol Hill,"As the war drags on, Ukraine’s president receives a quieter welcome in Washington and faces angry questions from some Republicans."
2024-09-27,Zelensky Meets Trump Amid Fears for Continued U.S. Support for Ukraine,The session in New York was part of a nearly weeklong U.S. visit by the Ukrainian president in which he has made appeals to both Democrats and Republicans.
2024-09-27,"On Trip to U.S., Zelensky Finds Ukraine’s Fortunes Tied to the Election",A whirlwind week of top-level meetings failed to alleviate concerns in Kyiv that a Trump presidency could lead to a dramatic shift in American policy.
2024-09-27,"Trump Suggests Putin Wants to End War, as Zelensky Looks On","“I’m sure President Putin wants it to stop,” Donald Trump said of the Russia-Ukraine war on Friday. President Volodymyr Zelensky of Ukraine stressed that the war shouldn’t have been started."
2024-09-30,"After U.S. Trip, Zelensky Returns to an Enduring War","Cities across Ukraine have suffered airstrikes in recent days, and Moscow is pressing a slow advance in the east. Kyiv has hit back against arms depots, trying to disrupt Russian logistics."
2022-12-03,Zelensky Proposes Barring Orthodox Church That Answers to Moscow,"Ukraine’s president called for legislation to prevent an ancient branch of the Orthodox Church, led by a Putin ally, from operating in his country, but it remains unclear how that would work."
2022-12-07,Zelensky is named Time’s person of the year.,Ukraine’s president was propelled onto the world stage with Russia’s invasion of his country.
2022-12-14,Zelensky urges the E.U. to create a war tribunal as he accepts the Sakharov Prize.,Ukraine’s president made the remarks as he accepted the union’s top human rights award on behalf of his people.
2022-12-14,Zelensky says Russian and Belarusian athletes shouldn’t be allowed at the 2024 Olympics.,"In recent days, international Olympic officials have been unclear about whether the athletes will be allowed to compete in the Paris Summer Olympics."
2022-12-20,Zelensky’s visit to Bakhmut aims to show Ukraine’s resolve.,"Despite months of Russian bombardments and waves of assaults, the city has remained in Ukrainian control."
2022-12-20,"Lauding Their Soldiers, Putin and Zelensky Signal Long Fight Ahead","As the 10-month mark of the war nears, the leaders of Ukraine and Russia handed out medals and pledged not to back down."
2022-12-20,Your Wednesday Briefing: Zelensky Visits Bakhmut,"Also, Japan’s central bank eases its policy and Fiji prepares for a leadership change."
2022-12-21,"Zelensky Will Meet With Biden in Washington and Address Congress, Officials Say",The visit will be the first time President Volodymyr Zelensky of Ukraine has left his country since Russia invaded in February.
2022-12-21,Your Thursday Briefing: Zelensky at the White House,"Also, Donald Trump’s tax returns show losses during his presidency."
2022-12-21,Zelensky’s Message: Ukraine Is Fighting for Good Over Evil,One of the Ukrainian leader’s overriding aims is to prevent support for the war from becoming a partisan issue.
2022-12-22,"U.S. Aid Is ‘Not Charity,’ Zelensky Tells Congress as a Lengthy War Looms",President Volodymyr Zelensky described military assistance for Ukraine as an investment in global security and democracy in the face of Russian aggression.
2022-12-22,Full Transcript of Zelensky’s Speech Before Congress,"The Ukrainian president delivered an emotional appeal for further American support, vowing that his country would prevail in its war with Russia."
2022-12-22,"For Zelensky, a Celebration of Resilience and a Sales Pitch for Support","For all the talk of victory, President Volodymyr Zelensky’s remarks in Washington revealed hints about his worries for the year ahead."
2022-12-22,Zelensky’s Appeal for More U.S. Support,Readers praise his resolve and urge America to do more to help Ukraine. Also: Gene editing; Israel’s future; our carbon footprint. 
2022-12-22,Zelensky’s Weapons Wish List Goes Mostly Unfulfilled on Trip to Washington,"The Biden administration continues to balk at sending U.S. battle tanks, fighter jets and long-range missiles to Ukraine."
2022-12-22,Ukraine Buoyed by Hero’s Welcome for Zelensky in Washington,"Ukrainians, many left in the dark and cold by Russian airstrikes, drew solace from President Volodymyr Zelensky’s speech to Congress."
2022-12-23,Iran condemns Zelensky’s remarks to Congress as ‘baseless.’,"Iran has condemned President Volodymyr Zelensky’s remarks to the U.S. Congress, warning the Ukrainian leader against further accusing Tehran of supplying weapons to Russia for use in the war."
2022-12-23,Russian shelling hits Ukraine’s south and east as Zelensky returns to Kyiv.,"At least five civilians were killed and 18 injured in Russian attacks on Thursday and into Friday morning, an official said."
2022-12-30,Critics say a new media law signed by Zelensky could restrict press freedom in Ukraine.,"Lawmakers who passed the bill said it would help meet European Union conditions for membership, but journalists have denounced it as a move toward censorship."
2022-12-31,Putin and Zelensky will give dueling addresses today with no end to fighting in sight.,Volodymyr Zelensky of Ukraine and Vladimir V. Putin of Russia will share their New Year’s messages as the war grinds on toward its one-year anniversary.
2022-12-31,"With Speeches to Ukraine, and the World, Zelensky Shapes Narrative of the War","In nightly addresses to his people and passionate speeches to foreign leaders, the Ukrainian president has delivered a story line to rally his country, and its allies, to Ukraine’s cause."
2023-07-04,Zelensky Accuses Russia of Trying to Kill Georgia’s Former President Saakashvili,"Mikheil Saakashvili, now a Ukrainian citizen, has been imprisoned in Georgia. He appeared frail and skeletal in a court appearance that renewed concerns about his treatment in prison."
2023-07-06,Zelensky said he warned allies the counteroffensive would proceed slowly amid the wait for weapons.,"Ukraine’s president said he had wanted to start the military push sooner, in an interview with CNN."
2023-07-07,"Zelensky will discuss the grain deal with Turkey’s president, with a NATO bid in mind, too.","President Volodymyr Zelensky of Ukraine is wrapping up an intense week of diplomacy with a visit to Istanbul on Friday to meet with Turkey’s president about the Black Sea grain deal that is once again facing an uncertain future, according to Turkey’s state-run Anadolu news agency."
2023-07-07,"With Zelensky at his side, Erdogan says Ukraine ‘deserves NATO membership.’",The Turkish president also said he would work to help extend the Black Sea grain deal for longer intervals after meeting with Ukraine’s leader.
2023-07-08,"On Ukraine War’s 500th Day, Russia Strikes and Zelensky Shows Defiance","President Volodymyr Zelensky of Ukraine shared a video of a trip to Snake Island in the Black Sea, a symbol of his country’s fierce resistance, as Russian shelling in the east killed at least seven."
2023-07-13,Zelensky Leaves NATO Summit to Face Hard Realities of War,"The Ukrainian leader secured new pledges of weapons and reaffirmed security commitments from Western allies, but it was not clear how significant a boost they could provide for his country’s counteroffensive."
2023-07-15,"Russian Forces Are Doing ‘Everything They Can’ to Stop Counteroffensive, Zelensky Says","The Ukrainian leader has secured new weapons pledges, but it was not clear when the aid would arrive, or how consequential it would be on the battlefield."
2023-07-22,"As Tensions Rise, Zelensky Pushes for Way to Ship Grain Through Black Sea","The Ukrainian leader said he had spoken with the NATO chief and the Turkish president, Recep Tayyip Erdogan, a key mediator between Russia and Ukraine since the full-scale invasion began last February."
2022-03-02,I’m Writing From a Bunker With President Zelensky Beside Me. We Will Fight to the Last Breath.,Nothing less than our freedom — and yours — is at stake.
2022-03-04,‘I Want Peace.’ Zelensky’s Heroic Resistance Is an Example for the World.,Which world leaders are rising to the challenge?
2022-03-05,Zelensky criticizes NATO over its rejection of a no-fly zone.,"“All the people who will die from this day will die because of you, as well,” the Ukrainian president told NATO leaders in a video shared on social media."
2022-03-05,"Zelensky and Trump: Two Performers, One Hero",A fake tough guy versus the real deal.
2022-03-05,U.S. and Allies Discuss Security of Ukraine’s Leaders Amid Fears for Zelensky’s Safety,Concerns about the line of succession were prompted in part because President Volodymyr Zelensky insists he will not be evacuated.
2022-03-05,"Meeting with Congress, Zelensky asks for more jets and a no-fly zone.","The meeting, conducted via Zoom, was the first time President Volodymyr Zelensky of Ukraine had addressed both houses of Congress since Russia’s invasion began."
2022-03-06,"Quotation of the Day: After Zelensky’s Plea, the West Raced to Form a United Front","Quotation of the Day for Sunday, March 6, 2022."
2022-03-08,"Zelensky addressed Ukraine from his office, showing that he remained in Kyiv.",The Ukrainian president told his people that he was not afraid or in hiding.
2022-03-08,Why Zelensky Poses a Unique Threat to Putin,"As the war grinds on, Ukraine’s president is trying to reach out to Russian citizens — many of them remember him as a popular comedian."
2022-03-09,"With Humor, and a Nod to History, Johnson and Zelensky Find a Rapport","Forging an alliance with President Volodymyr Zelensky of Ukraine was a natural for Boris Johnson, Britain’s prime minister. The two share a sense of the moment."
2022-03-09,Volodymyr Zelensky Is Playing the Role of His Life,"In his TV sitcom and now at war, Ukraine’s actor-president has modeled an idea of leadership that is very different from Vladimir Putin’s."
2022-03-11,President Zelensky Makes His Case for Ukraine to the Russian People,Americans are used to wars against people who don’t so casually speak our language. Zelensky can respond to Russian propaganda by directly addressing the Russian people — in Russian.
2022-03-12,Zelensky Answers Hamlet,The Ukrainian president addresses the existential question for the world.
2022-03-14,Zelensky will address Congress in a virtual speech on Wednesday.,The Ukrainian president’s speech will likely increase growing momentum on Capitol Hill to pressure President Biden to send fighter jets to Kyiv.
2022-03-15,Zelensky calls on Russian troops to surrender.,The Ukrainian leader and the Pentagon have both said some Russian soldiers have surrendered or been captured.
2022-03-15,Zelensky’s appeal to Canada: Imagine if Toronto were Kyiv.,The Ukrainian president’s emotional speech to Canadian lawmakers underscored how he has increasingly cast himself as a spokesman for liberal democracy.
2022-03-16,Zelensky urges more leaders to visit Kyiv after a visit by prime ministers of 3 NATO nations.,"The leaders from Poland, the Czech Republic and Slovenia “fear nothing,” President Volodymyr Zelensky said, and he urged other leaders to make similar visits."
2022-03-16,Zelensky’s Emotional Appeal to Congress,"President Volodymyr Zelensky of Ukraine gave a searing speech to a joint meeting of Congress, an extraordinary address by a leader under assault by a hostile foreign power."
2022-03-16,Your Thursday Briefing: Zelensky Speaks to Congress,Plus an offshore earthquake in Japan and mass graves in Syria.
2022-03-16,Zelensky’s Plea to Congress,Biden announced $800 million in new military aid to Ukraine.
2022-03-16,Annotated Transcript: Zelensky’s Speech to Congress,President Volodymyr Zelensky of Ukraine addressed a joint meeting of the House and Senate to press his case for more aid to Ukraine amid devastating attacks by Russia.
2022-03-16,"Invoking America’s Darkest Days, Zelensky Pleads for More U.S. Aid",President Volodymyr Zelensky of Ukraine called for a no-fly zone and more weapons to combat Russia’s assault and implored President Biden to be “the leader of peace.”
2022-03-17,"Trevor Noah: Addressing Congress, Zelensky ‘Knew His Audience’","Ukraine’s president must have researched American history before his speech, said Noah (who speculated about how it “could have gone very wrong”)."
2022-03-17,Zelensky’s Powerful Plea to Congress,Readers react to President Volodymyr Zelensky’s speech and urge a no-fly zone in Ukraine. Also: Violence against Asian Americans; daylight saving time.
2022-03-19,Zelensky Pleads to Parliament for More Help. What Can Canada Offer?,The address by President Volodymyr Zelensky of Ukraine was also a reminder that Canada might indirectly benefit from the crisis.
2022-03-19,"Putin Isn’t Yet Ready for Talks With Zelensky, Turkish Official Says",Turkey is trying to mediate between Ukraine and Russia and bring an end to the war. But a senior Turkish official said that Russia was in no hurry.
2022-03-19,"While Putin Shrinks, Zelensky Soars","Tiny, tiny Trump and cruel fool Putin."
2022-03-20,It’s Now Putin’s Plan B in Ukraine vs. Biden’s and Zelensky’s Plan A,Russia’s strategic choices could become increasingly frightening to the West.
2022-03-21,"Walls, Dreams and Genocide: Zelensky’s Speeches Invoke History to Rally Support","The Ukrainian leader, a former actor, has invoked emotional moments in the history of nations from which he is hoping to secure backing. We look at five of his recent speeches."
2022-03-22,Zelensky condemns Russian attacks on protesters and children.,"‘It was a day of difficult events,’ the Ukrainian president said in a video address."
2022-03-23,Zelensky invokes memories of Fukushima and a cult’s chemical attack in his address to Japan’s Parliament.,President Volodymyr Zelensky said that Russia’s invasion could set off a nuclear catastrophe in Chernobyl and warned that Russia could use chemical weapons like the one used in a 1995 attack in Tokyo.
2022-03-23,Zelensky Doesn’t Know the End of His Story. Churchill Didn’t Either.,The pivotal and motivating power of individual charismatic leadership.
2022-03-24,Zelensky calls on NATO members to do more to help Ukraine’s military.,"In a video address to a closed-door session of the military alliance, President Volodymyr Zelensky warned that Russia “does not intend to stop in Ukraine,” according to his government’s transcript."
2022-03-25,Zelensky Wants a No-Fly Zone. NATO Is Right to Say No.,"A no-fly zone in Ukraine, meant to protect civilians, might fail to do so while  escalating the war. "
2022-03-25,"In a speech to the E.U., Zelensky singles out Hungary over sanctions.","Addressing the Hungarian leader, Viktor Orban, directly, Volodymyr Zelensky said, “You have to decide for yourself who you are with.”"
2022-03-26,"Addressing Qatar, Zelensky urges energy producers to increase their exports to Europe.","“The future of Europe rests with your efforts,” Ukraine’s leader said in a plea to help the continent wean itself off Russian fossil fuels."
2022-03-27,Zelensky renews his call for planes and tanks from NATO.,President Volodymyr Zelensky said European leaders were falling short in helping his nation fight Russia and urged them to show even a bit of the courage that the outmanned residents of Mariupol have demonstrated.
2022-03-27,"Zelensky, whose career started in show business, pressed Hollywood for an appearance at the Oscars.",The Ukrainian president was looking for support from Hollywood. But his appeal to speak during the Oscars encountered drama of its own.
2022-03-27,Zelensky Gives Interview to Russian Journalists. Moscow Orders It Quashed.,"The remarkable interview was still published by journalists outside of Russia, an episode that laid bare the extraordinary, and partly successful, efforts at censorship by Moscow."
2024-10-16,Zelensky Pitches His ‘Victory Plan’ to Ukrainian Lawmakers,"The proposal would rely heavily on increased Western assistance. So far, it has drawn a lukewarm response from Ukraine’s allies."
2024-10-17,Zelensky Tries to Sell His ‘Victory Plan’ to European Leaders,"President Volodymyr Zelensky of Ukraine made an urgent plea in Brussels, though it’s unclear to what extent the officials gathered there will go along with it."
2024-10-17,"In Rambling Interview, Trump Blames Zelensky, Not Putin, for Ukraine War","The war began when Russia invaded Ukraine, but Donald J. Trump said on a podcast that the Ukrainian president “should never have let that war start.”"
2024-10-29,"With Limited Options, Zelensky Seeks a Path Forward for Ukraine",A muted response to Ukraine’s “victory plan” and steep challenges on the battlefield leave Kyiv searching for a Plan B.
2022-04-01,"Refuse to cooperate with the Kremlin’s war, Zelensky tells Ukrainians and Russians.",President Volodymyr Zelensky of Ukraine threatened retribution for people who collaborate with occupying forces and accused retreating Russians of planting mines and even booby-trapping corpses.
2022-04-04,Volodymyr Zelensky speaks to Grammys audience in a prerecorded video.,"The Ukrainian president, Volodymyr Zelensky, made a plea for support before John Legend performed, sharing the stage with a poet and a singer from Ukraine."
2022-04-04,Zelensky blasts Merkel and Sarkozy for denying Ukraine NATO membership.,"In a video address, he said that NATO’s decision in 2008 not to give Ukraine a path to membership helped lead to atrocities by Russian forces."
2022-04-05,Zelensky vilifies Russia over atrocities: ‘They killed entire families.’,The Ukrainian president delivered one of his most forceful denunciations of the invasion in a live video speech to the United Nations Security Council on Tuesday.
2022-04-05,Your Wednesday Briefing: Zelensky Addressed the U.N.,Plus a change in Shanghai’s controversial family Covid policy and the tense build-up to the French presidential election.
2022-04-05,Zelensky Addresses the U.N.,The Ukrainian leader described war crimes he said Russian troops had committed.
2022-04-05,Zelensky Accuses Russia of Atrocities and Criticizes U.N.’s Inaction,"In a blistering address to the United Nations Security Council, Ukraine’s president asked what use the body was if it would not intervene to stop a war of aggression."
2022-04-07,"In his nightly address, Zelensky challenged allies to find the determination to ban Russian oil.",He also accused Russian troops of starting to hide evidence of civilian deaths.
2022-04-11,Zelensky says Ukraine takes ‘as seriously as possible’ an apparent threat of Russian chemical weapon use.,A Ukrainian unit in Mariupol claimed Russian forces had used chemical weapons there. Their report could not be independently confirmed.
2022-04-19,Why We Admire Zelensky,Ukraine’s president reminds us that democracies can still generate great leaders. 
2022-04-22,"Ukraine needs up to $7 billion in support per month, Zelensky says.","Ukraine has suffered $550 billion in losses from the war, President Volodymyr Zelensky told the World Bank on Thursday."
2022-04-23,"As Western Arms Pour Into Ukraine, Zelensky Promises Victory","“The day when they will be forced to leave Ukraine is approaching,” the Ukrainian president said of the Russians, in a sharp change of tone."
2022-04-24,Blinken and Austin meet in Kyiv with Zelensky.,"Secretary of State Antony J. Blinken and Defense Secretary Lloyd J. Austin III met Sunday with President Volodymyr Zelensky, the first senior U.S. officials known to have visited Ukraine since the invasion."
2022-04-25,How Zelensky Tamed Ukraine’s Fractious Politics and Stood Up to Putin,"Ukrainian politics were known for sharp-elbowed infighting. But as he defends his country against the Russian invasion, President Volodymyr Zelensky has his government presenting a unified front."
2024-02-05,Zelensky Hints at Major Shake-Up of Ukraine’s Government,"The president said a “reset” was needed to revive the struggling war effort, adding that his plans were “about the direction of the country’s leadership” and not just about replacing his top general."
2024-02-08,"Zelensky Removes His Top General, in Major Shake-Up of Ukraine Military","Gen. Valery Zaluzhny led the effort that thwarted Russia’s initial assault on Kyiv. But his troops have struggled to make progress recently, and tensions have mounted with the civilian leadership."
2024-02-16,Zelensky Visits Berlin and Paris to Shore Up Support as U.S. Wavers,The Ukrainian president signed security agreements and sought to push the European leaders to bolster aid as concerns over American funding grow.
2024-02-17,"‘Dictators Do Not Go on Vacation,’ Zelensky Warns Washington and Europe","President Volodymyr Zelensky pushed back against skepticism of a Ukraine victory, calling on world leaders not to ask when the war would end, but why Russia was still able to wage it."
2024-02-25,"31,000 Ukrainian Soldiers Killed in Two Years of War, Zelensky Says","The tally that President Volodymyr Zelensky revealed on Sunday differs sharply from that given by U.S. officials, who have said the number is closer to 70,000."
2024-03-03,Russian Strike’s Toll Rises to 12 as Zelensky Blames Air Defense Delay,"President Volodymyr Zelensky did not refer to the United States, but his words appeared to reflect frustration over a stalled American aid package."
2024-03-06,Russia Strikes Odesa With Missile During Visit by Zelensky and Greek Leader,"Neither man was hurt, and it was unclear whether the Russian Army was targeting them."
2024-03-07,Zelensky Names Ukraine’s Ex-Top General Ambassador to U.K.,"The former top general, Valery Zaluzhny, was dismissed last month amid tensions with the civilian leadership. He has been a very popular figure in Ukraine."
2023-01-11,Zelensky thanks the ‘free world’ in a video message at the Golden Globes.,"“There will be no third world war,” the Ukrainian president said. “It is not a trilogy. Ukraine will stop the Russian aggression on our land.”"
2023-01-16,A Zelensky adviser says he will resign after outrage over comments on the Dnipro strike.,"In televised comments after a devastating Russian strike in Dnipro on Saturday, the adviser, Oleksii Arestovych, said that the missile had been struck by Ukraine’s air defense system before crashing into an apartment building. He later apologized."
2023-01-17,Zelensky pushes allies to move faster with aid as fears grow of a new Russian offensive.,President Volodymyr Zelensky praised the British announcement of a new military aid package and urged other allies to move faster to match that support as Ukraine warns that Russia could be preparing a renewed push to capture more territory.
2023-01-18,Zelensky will address the Davos gathering in a marathon week of diplomacy.,"A critical week of diplomacy for Ukraine ramps up on Wednesday, when President Volodymyr Zelensky is scheduled to address the World Economic Forum in Davos, Switzerland, as Ukraine redoubles its pleas for more advanced weapons."
2023-01-18,"‘Tragedies are outpacing life’: In a video address at Davos, Zelensky mourns the dead and pleads for help.","At the start of his address, the Ukrainian president called for a minute of silence to honor the country’s minister of internal affairs."
2023-01-19,C.I.A. Director Visited Kyiv for Meeting With Zelensky,"The director, William J. Burns, has made periodic visits to Ukraine to meet with intelligence officials and to exchange information with the country’s president."
2023-01-22,Zelensky Urges Ukrainians to Remain Unified,"On a day meant to mark the unification of Ukraine in 1919, the country’s leader said it was vital for Ukrainians of all regions to bind together."
2023-01-23,Zelensky vows action against corruption after a minister is fired for embezzlement.,The Ukrainian leader said the dismissal should serve as notice to officials whose actions “violate the principle of justice.”
2023-01-31,Quotation of the Day: Zelensky Presses Allies for Arms on Wish List,"Quotation of the Day for Tuesday, January 31, 2023."
2022-05-01,Zelensky says around 100 civilians are being evacuated from the Mariupol steel factory.,The Ukrainian president said that civilians were being evacuated from the Azovstal steel factory and are headed to a “controlled area.”
2022-05-08,Zelensky’s Wife Thanks Jill Biden for ‘Courageous’ Trip to Ukraine,"In an unannounced trip to Ukraine, Dr. Jill Biden, the first lady, met with Ukraine’s first lady, Olena Zelenska, in a town a few miles away from the border with Slovakia."
2022-05-09,A bomb-sniffing dog named Patron received state honors from Zelensky.,"Patron has found more than 200 explosives, President Zelensky said. The dog has gone viral as Ukraine wages an information war."
2022-05-13,Courage Seemed to Be Dead. Then Came Zelensky.,Can economics make sense of heroism?
2022-05-17,"‘The hate of men will pass, and dictators die’: Zelensky quotes Chaplin in an address to Cannes.","The Ukrainian leader’s appearance at the international film festival followed similar addresses to Parliaments around the world, including Congress in March."
2022-05-23,"Addressing Davos, Zelensky invites global businesses to Ukraine.","The Ukrainian leader pledged to root out corruption to make his country more attractive to investors, and urged for tougher penalties against Moscow."
2022-05-23,Zelensky says Russian forces killed 87 people in an attack.,"The attack took place last week in the Chernihiv region north of the capital, Kyiv."
2022-05-23,Zelensky Invites Global Companies Leaving Russia to Open In Ukraine,"Addressing the World Economic Forum, President Volodymyr Zelensky of Ukraine called for tougher sanctions against Russia and encouraged international companies shunning Russia to move into Ukraine."
2022-05-23,Zelensky Urges Even Harder Line on Russia as Allies Work to Remain United,"A midlevel Russian diplomat broke ranks and resigned with a scathing statement on the war, and President Volodymyr Zelensky called on world leaders to turn up the pressure."
2022-05-24,"Quotation of the Day: Zelensky Urges Global Leaders to Maintain a Tough, United Front","Quotation of the Day for Tuesday, May 24, 2022"
2024-11-06,Zelensky Urges Trump to Help Defend Ukraine Against Russia,"President-elect Donald J. Trump has often shown disdain toward Ukraine and its leader, President Volodymyr Zelensky."
2024-11-08,Trump Put Musk on Phone With Zelensky During Call,Elon Musk was with Donald Trump at Mar-a-Lago when the president-elect spoke with Ukraine’s leader. It is not clear if they discussed any change in U.S. policy toward Ukraine.
2022-09-01,Zelensky says Russia prevented independent journalists from observing the I.A.E.A. mission.,President Volodymyr Zelensky of Ukraine hailed the arrival of United Nations inspectors at the occupied Zaporizhzhia Nuclear Plant on Thursday but said Russia was undermining the inspection by preventing independent journalists from observing it and by intimidating residents in the surrounding town.
2022-09-14,"Zelensky Visits a City Just Miles From the Front, Underscoring Ukraine’s Gains",President Volodymyr Zelensky’s trip to a city reclaimed days ago demonstrated Ukraine’s growing boldness in the wake of Russia’s frantic retreat from the country’s northeast.
2022-09-15,Zelensky is involved in a car accident in Ukraine’s capital but isn’t seriously hurt.,Ukraine’s president did not mention the accident during his nightly address.
2022-09-15,The E.U.’s top official meets with Zelensky.,"Ursula von der Leyen, the European Union’s top official, reassured President Volodymyr Zelensky of Ukraine during a wide-ranging meeting Thursday in Kyiv that his country is still progressing toward membership in the bloc."
2022-09-19,Zelensky Meets With BlackRock Chief to Discuss Reconstruction Fund,The world’s largest asset manager advised Ukraine on how to revive the country’s shattered economy by attracting public and private investment.
2022-09-21,"In a Defiant Address, Zelensky Says, ‘Russia Should Pay for This War’","“A crime has been committed against Ukraine, and we demand just punishment,” President Volodymyr Zelensky of Ukraine said in a recorded speech to the U.N. General Assembly."
2022-09-23,Zelensky Asks Businesses to Join a ‘Marshall Plan’ for Ukraine,Ukraine estimates it would cost $750 billion to rebuild the war-battered country.
2022-09-24,Zelensky tells Ukrainians living under occupation to avoid conscription ‘by any means.’,"With Russia laying the groundwork to formally annex areas it is occupying, President Volodymyr Zelensky of Ukraine directly asked Ukrainians to help the nation’s war effort even from within the occupied territory."
2022-09-25,Zelensky calls on Russians to resist Putin’s conscription.,"President Volodymyr Zelensky of Ukraine encouraged Russians to resist their country’s conscription drive on Saturday, his latest effort to blunt President Vladimir V. Putin’s attempts to broaden the war."
2022-09-25,Zelensky urges allies to step up pressure on Putin amid ‘nuclear blackmail.’,President Volodymyr Zelensky of Ukraine warned on Sunday that President Vladimir V. Putin’s threat to use nuclear weapons in Russia’s war against Ukraine was no bluff as he urged the United States and other Western allies to intensify the pressure on the Russian leader as his troops falter on the battlefield.
2022-09-27,"At the United Nations, Zelensky rails against Russia for trying to ‘steal’ Ukrainian territory.","With Russia appearing poised to annex parts of eastern and southern Ukraine, President Volodymyr Zelensky of Ukraine lashed out at the Kremlin on Tuesday, telling the United Nations Security Council that Moscow was staging “sham” referendums at gunpoint as a prelude to stealing part of his country."
2022-09-29,Zelensky’s Answer to Escalating Russian Threats: Defiance,"In a nightly address, President Volodymyr Zelensky of Ukraine told Russian soldiers: “If you want to live, run.”"
