date,title,short_opening,url
17-Nov-25,Ukraine's $100 million energy scandal triggers resignations and testsZelenskyy,By Joanna Kakissis,https://www.npr.org/2025/11/17/nx-s1-5608255/ukraines-100-million-energy-scandal-triggers-resignations-and-tests-zelenskyy
23-Oct-25,EU leaders announce new sanctions against Russia as they welcome Ukraine'sZelenskyy,Eleanor Beardsley Ukrainian President Volodymyr Zelenskyy meets with European Union leaders as they prepare massive new financing for Kyiv's war effort.,https://www.npr.org/2025/10/23/nx-s1-5582384/eu-leaders-announce-new-sanctions-against-russia-as-they-welcome-ukraines-zelenskyy
19-Oct-25,"Politics chat: No Kings protests across the U.S., Trump talks with Putin andZelenskyy",By Don Gonyea,https://www.npr.org/2025/10/19/nx-s1-5577935/politics-chat-no-kings-protests-across-the-u-s-trump-talks-with-putin-and-zelenskyy
18-Oct-25,"AfterZelenskyymeeting, Trump calls on Ukraine and Russia to 'stop where they are' and end the war",By The Associated Press,https://www.npr.org/2025/10/18/nx-s1-5578871/zelenskyy-meeting-trump-ukraine-russia-war
17-Oct-25,Trump hostsZelenskyyas plans for a Putin meeting are underway,Deepa Shivaram President Trump met with Ukrainian President Volodymyr Zelenskyy after announcing he is scheduling another face-to-face with Russian President Vladimir Putin.,https://www.npr.org/2025/10/17/nx-s1-5577846/trump-hosts-zelenskyy-as-plans-for-a-putin-meeting-are-underway
17-Oct-25,"Roundup: Bolton in court,Zelenskyyin Washington, military in the Caribbean",By Miles Parks,https://www.npr.org/2025/10/17/nx-s1-5577709/roundup-bolton-in-court-zelenskyy-in-washington-military-in-the-caribbean
17-Oct-25,"Bolton Indicted, Trump and Zelenskyy Meeting, Rebuilding Gaza","John Bolton is indicted on 18 counts for allegedly mishandling classified information dating back to his time as national security advisor during President Trump__ first term. President_Volodymyr Zelenskyy meets with President Trump at the White House to discuss Ukraine's request for long-range missiles, Trump says he will meet with Russia's president in Hungary next. And the scale of Gaza__ reconstruction is staggering, with unexploded bombs buried in the rubble, nearly all buildings damaged or destroyed and major questions about who will lead the reconstruction.Want more comprehensive analysis of the most important news of the day, plus a little fun?Subscribeto the Up First newsletter. It was produced by Ziad Buchh, Nia Dumas and Milton Guevara.",https://www.npr.org/2025/10/17/nx-s1-5577632/bolton-indicted-trump-and-zelenskyy-meeting-rebuilding-gaza
17-Oct-25,"Trump and Zelenskyy to meet. And, John Bolton indicted for mishandling classified info",By Brittney Melton,https://www.npr.org/2025/10/17/g-s1-93955/up-first-newsletter-john-bolton-volodymyr-zelenskyy-gaza
17-Oct-25,Zelenskyy is set to meet Trump at the White House. Here's what to expect,Michele Kelemen President Trump meets with Ukrainian President Volodymyr Zelenskyy at the White House on Aug. 18 for a bilateral meeting and later an expanded meeting with European leaders to discuss a peace deal between Russia and Ukraine.Anna Moneymaker/Getty Imageshide caption,https://www.npr.org/2025/10/17/g-s1-93697/zelenskyy-trump-white-house-meeting
16-Oct-25,Trump talks with Putin ahead of hosting Zelenskyy at the White House,Michele Kelemen President Trump's views on Russia and Ukraine seem to be shifting ahead of Volodymyr Zelenskyy's visit to the White House.,https://www.npr.org/2025/10/16/nx-s1-5574073/trump-talks-with-putin-ahead-of-hosting-zelenskyy-at-the-white-house
1-Oct-25,"Greetings from Kyiv, where you might stumble across Zelenskyy taking a stroll","Nick Spicer The Maidan, Kyiv's Independence Square, has been the heart of political change in Ukraine for more than two decades. While visiting NPR's team covering Ukraine _ correspondent Joanna Kakissis and producers Hanna Palamarenko and Polina Lytvynova _ I went back to the square, where history-making news events have drawn me for over two decades.",https://www.npr.org/2025/10/01/nx-s1-5554518/video-ukraine-zelenskyy-maidan-postcard
28-Sep-25,Russian strikes kill 4 in Ukraine as Zelenskyy urges world not to 'turn a blind eye',By Rebecca Rosman,https://www.npr.org/2025/09/28/nx-s1-5555885/russian-drone-attack-kyiv-kills-4
24-Sep-25,Ukraine's Zelenskyy issues a stark warning about a global arms race and AI war,Alex Leff Ukrainian President Volodymyr Zelenskyy addresses the 80th session of the U.N. General Assembly in New York on Wednesday.Richard Drew/APhide caption,https://www.npr.org/2025/09/24/nx-s1-5552206/ukraine-zelenskyy-un-general-assembly-trump
24-Sep-25,Zelenskyy touted Ukraine's ingenuity against Russia in UN address,"Michele Kelemen Ukrainian President Volodymyr Zelenskyy addresses the U.N. General Assembly, as diplomats struggle to stop Russia's aggression.",https://www.npr.org/2025/09/24/nx-s1-5546755/zelenskyy-touted-ukraines-ingenuity-against-russia-in-un-address
19-Aug-25,"How Moscow views the talks between Trump, Zelenskyy and European leaders",By Leila Fadel,https://www.npr.org/2025/08/19/nx-s1-5506214/how-moscow-views-the-talks-between-trump-zelenskyy-and-european-leaders
19-Aug-25,How Ukrainians view the meeting between Trump and Zelenskyy,"A Martínez A MART_NEZ, HOST:",https://www.npr.org/2025/08/19/nx-s1-5506051/how-ukrainians-view-the-meeting-between-trump-and-zelenskyy
19-Aug-25,"Putin and Zelenskyy could meet. And, Trump wants to stop voting by mail",By Brittney Melton,https://www.npr.org/2025/08/19/g-s1-83374/up-first-briefing-putin-zelenskyy-may-meet-mail-in-votings-future
18-Aug-25,Trump and Zelenskyy meet again,"In the last few days, President Trump has met separately with the presidents of Russia and Ukraine, in an attempt to break the deadlock and end the war.Today__ meeting at the White House between Trump and Ukrainian President Volodymyr Zelenskyy seemed to go much better than last time, when Zelenskyy left early after a heated argument in the Oval Office. In fact, Zelenskyy hailed today__ meeting as __he best one_ yet.Even so, the next steps to ending the war are unclear. Russian President Vladimir Putin and Zelenskyy still haven__ met face-to-face to negotiate, and it__ not certain whether they will be able to find common ground.NPR White House correspondent Danielle Kurtzleben gives an update on the day__ events, and former national security adviser Susan Rice gives her perspective on the likelihood of a deal.For sponsor-free episodes ofConsider This, sign up for Consider This+ via Apple Podcasts or atplus.npr.org.Email us atconsiderthis@npr.org.This episode was produced by Megan Lim and Mia Venkat.It was edited by Christopher Intagliata, Andrew Sussman, Tara Neill and Nadia Lancy.Our executive producer is Sami Yenigun.",https://www.npr.org/2025/08/18/nx-s1-5506314/trump-and-zelenskyy-meet-again
18-Aug-25,Former national security adviser Susan Rice weighs in on Trump-Zelenskyy talks,By Megan Lim,https://www.npr.org/2025/08/18/nx-s1-5506052/former-national-security-adviser-susan-rice-weighs-in-on-trump-zelenskyy-talks
18-Aug-25,"Zelenskyy Meets Trump, Gaza Latest, More National Guard Troops to D.C.","President Trump will host Ukraine's Volodymyr Zelenskyy and European leaders at the White House. Israelis protest to demand a hostage deal as the military and government leaders pursue plans to occupy Gaza City. And growing number of National Guard troops are on their way to the nation__ capital.Want more comprehensive analysis of the most important news of the day, plus a little fun?Subscribeto the Up First newsletter.Today__ episode of Up First was edited by Jason Breslow, Ryland Barton, Russell Lewis, Olivia Hampton and Adriana Gallardo. It was produced by Ziad Buchh, Nia Dumas and Christopher Thomas. We get engineering support from Stacey Abbott. And our technical director is Carleigh Strange.",https://www.npr.org/2025/08/18/nx-s1-5505913/zelenskyy-meets-trump-gaza-latest-more-national-guard-troops-to-d-c
18-Aug-25,Trump says Putin andZelenskyywill meet for talks on ending the war,By Franco Ordoñez,https://www.npr.org/2025/08/18/nx-s1-5505397/trump-zelenskyy-white-house-meeting-russia-ukraine
18-Aug-25,Zelenskyyand European leaders to meet with Trump at White House on Monday,By Greg Myre,https://www.npr.org/2025/08/18/nx-s1-5505368/zelenskyy-and-european-leaders-to-meet-with-trump-at-white-house-on-monday
18-Aug-25,"The latest on Trump's meeting withZelenskyy, other leaders",By Danielle Kurtzleben,https://www.npr.org/2025/08/18/nx-s1-5504610/the-latest-on-trumps-meeting-with-zelenskyy-other-leaders
18-Aug-25,What will Trump-Zelenskyymeeting entail? Former national security adviser explains,"Leila Fadel President Donald Trump meets with Ukraine President Volodymyr Zelenskyy in the Oval Office at the White House in Washington, Friday, Feb. 28, 2025. (AP Photo/Mstyslav Chernov)Mstyslav Cherno/AP/APhide caption",https://www.npr.org/2025/08/18/nx-s1-5503371/trump-zelenskyy-meeting-russia-ukraine-war
18-Aug-25,"Trump andZelenskyyto discuss end of war. And, more troops head to D.C.",By Brittney Melton,https://www.npr.org/2025/08/18/g-s1-83248/up-first-newsletter-zelenskyy-trump-meeting-dc-militarized-second-week-israel-hamas
17-Aug-25,Ukrainian President VolodymrZelenskyywill meet with Trump on Monday,By Luke Garrett,https://www.npr.org/2025/08/17/nx-s1-5505372/ukrainian-president-volodymr-zelenskyy-will-meet-with-trump-on-monday
17-Aug-25,European leaders to join Ukraine'sZelenskyyfor White House meeting with Trump,By The Associated Press,https://www.npr.org/2025/08/17/nx-s1-5505319/european-leaders-zelenskyy-trump
17-Aug-25,"What to expect fromZelenskyy's White House visit, ahead of potential peace deal","Ayesha Rascoe AYESHA RASCOE, HOST:",https://www.npr.org/2025/08/17/nx-s1-5504118/what-to-expect-from-zelenskyys-white-house-visit-ahead-of-potential-peace-deal
17-Aug-25,"Politics chat: Alaska summit, Zelenskyy at White House, National Guard in D.C.","Ayesha Rascoe President Trump says he wants a peace agreement to end the war in Ukraine following his Alaska summit, and will hold talks with Ukraine's president in the White House on Monday.",https://www.npr.org/2025/08/17/nx-s1-5501531/politics-chat-alaska-summit-zelenskyy-at-white-house-national-guard-in-d-c
16-Aug-25,"Trump, Zelenskyy to meet at White House after Alaska summit with Putin fell short",By Tamara Keith,https://www.npr.org/2025/08/16/nx-s1-5504593/world-reacts-trump-putin-summit
16-Aug-25,Ukrainian president Volodymyr Zelenskyy to meet with Trump on Monday,By Jim Kane,https://www.npr.org/2025/08/16/nx-s1-5503711/ukrainian-president-volodymyr-zelenskyy-to-meet-with-trump-on-monday
13-Aug-25,Zelenskyy: Trump pursuing Ukraine ceasefire at Putin summit,Rob Schmitz German Chancellor Friedrich Merz (left) welcomes Ukrainian President Volodymyr Zelenskyy in Berlin on Aug. 13.Filip Singer/Getty Imageshide caption,https://www.npr.org/2025/08/13/nx-s1-5500525/zelenskyy-trump-putin-ceasefire-ukraine-summit
13-Aug-25,Zelenskyy in Berlin for critical talks with European leaders and Trump,By Teri Schultz,https://www.npr.org/2025/08/13/nx-s1-5500465/european-leaders-to-hold-emergency-virtual-summit-with-trump-on-wednesday
10-Aug-25,"Trump-Putin to hold summit to discuss peace deal, Zelenskyy says he won't attend",By Adrian Ma,https://www.npr.org/2025/08/10/nx-s1-5497232/trump-putin-to-hold-summit-to-discuss-peace-deal-zelenskyy-says-he-wont-attend
9-Aug-25,"With summit looming, Ukraine's Zelenskyy says he won't give land to Russia","Greg Myre Ukrainian President Volodymyr Zelenskyy speaks at a press conference as Denmark launches their EU presidency at Marselisborg Castle on July 3, 2025 in Aarhus, Denmark.Martin Sylvest Andersen/Getty Images Europehide caption",https://www.npr.org/2025/08/09/g-s1-81860/zelenskyy-rejects-ceding-ukrainian-territory
7-Aug-25,Trump may meet with Putin and Zelenskyy soon,By Franco Ordoñez,https://www.npr.org/2025/08/07/nx-s1-5494741/trump-may-meet-with-putin-and-zelenskyy-soon
7-Aug-25,Trump says he'll likely meet with Putin and Zelenskyy soon,Franco Ordoñez The White House says President Trump is now open to meeting with Russian President Vladimir Putin.,https://www.npr.org/2025/08/07/nx-s1-5494707/trump-says-hell-likely-meet-with-putin-and-zelenskyy-soon
6-Aug-25,Trump is open to meeting with Putin for peace talks without Zelenskyy,By Charles Maynes,https://www.npr.org/2025/08/06/nx-s1-5494335/putin-witkoff-trump-envoy-russia-ukraine-war
24-Jul-25,"After protests, Zelenskyy says he'll restore Ukraine's anti-corruption agencies",Joanna Kakissis Ukrainian president Volodymyr Zelenskyy says he will restore the independence of the country's anti-corruption watchdogs after protests over a controversial law that would bring the agencies under government control.,https://www.npr.org/2025/07/24/nx-s1-5477347/after-protests-zelenskyy-says-hell-restore-ukraines-anti-corruption-agencies
24-Jul-25,Why Ukrainians are protesting Zelenskyy,"President Vlodomyr Zelenskky appears to have backtracked on an anti-corruption law he approved earlier this week after protesters accused him of stripping anti-corruption agencies of their independence. The Washington Post's Siobhan O'Grady tells us more. Then, Columbia University has reached a deal with the Trump administration. In return for a $200 million payment and other changes Columbia agreed to make, the government will restore $400 million in research funding it canceled in March. The Chronicle of Higher Education's Francie Diep joins us to explain what the deal means for colleges and universities across the country.",https://www.npr.org/2025/07/24/1256157837/here-now-anytime-07-24-2025
23-Jul-25,Zelenskyyfaces outcry after signing a bill curbing Ukraine's anti-corruption agencies,By Joanna Kakissis,https://www.npr.org/2025/07/23/nx-s1-5477327/ukraine-corruption-zelenskyy-protests-russia
23-Jul-25,"Ukraine proposesZelenskyy, Putin, Trump and Erdogan meet this summer",By Charles Maynes,https://www.npr.org/2025/07/23/nx-s1-5477282/russia-ukraine-peace-talks-istanbul-trump-zelenskyy-putin
23-Jul-25,Thousands protest asZelenskyysigns bill weakening anti-corruption agencies,By The Associated Press,https://www.npr.org/2025/07/23/nx-s1-5477240/zelenskyy-signs-bill-weakening-anti-corruption-agencies-protest
5-Jul-25,Zelenskyyasks Trump for air defense munitions amid escalating Russian airstrikes,By Joanna Kakissis,https://www.npr.org/2025/07/05/nx-s1-5455770/zelenskyy-asks-trump-for-air-defense-munitions-amid-escalating-russian-airstrikes
4-Jul-25,Russia hits Ukraine with largest aerial attack as Trump talks toZelenskyyand Putin,"Jackie Northam Smoke rises after a Russian strike on Kyiv, Ukraine, Friday, July 4, 2025Yehor Konovalov/APhide caption",https://www.npr.org/2025/07/04/nx-s1-5456846/russia-hits-ukraine-with-largest-aerial-attack-as-trump-talks-to-zelenskyy-and-putin
24-Jun-25,Russian attacks on Ukraine kill 14 civilians asZelenskyytravels to UK,By The Associated Press,https://www.npr.org/2025/06/24/nx-s1-5443188/russian-attacks-on-ukraine-kill-14-civilians-as-zelenskyy-travels-to-uk
18-May-25,"Zelenskyymeets Vance in Rome, hours after Russia's largest drone attack on Ukraine",By The Associated Press,https://www.npr.org/2025/05/18/nx-s1-5402815/zelenskyy-meets-vance-in-rome-hours-after-russias-largest-drone-attack-on-ukraine
17-May-25,"Trump plans to call Putin, thenZelenskyy, on Monday to push for Ukraine ceasefire",By The Associated Press,https://www.npr.org/2025/05/17/g-s1-67402/russian-drone-strike-kills-9
14-May-25,Zelenskyyasks for Pope Leo XIV's help in bringing Ukrainian children home from Russia,By Daniel Burke,https://www.npr.org/2025/05/14/g-s1-66425/zelenskyy-asks-for-pope-leo-xivs-help-in-bringing-ukrainian-children-home-from-russia
12-May-25,Zelenskyychallenges Putin to meet him in Turkey 'personally' for ceasefire talks,By The Associated Press,https://www.npr.org/2025/05/12/nx-s1-5395538/zelenskyy-putin-ukraine-russia-ceasefire-turkey
11-May-25,"Zelenskyywelcomes Russian overtures, but says ceasefire must come before peace talks",By The Associated Press,https://www.npr.org/2025/05/11/nx-s1-5394923/russia-direct-talks-ukraine
27-Apr-25,"Politics chat: Trump meets Zelenskyy, China denies being in negotiations with U.S.",By Asma Khalid,https://www.npr.org/2025/04/27/nx-s1-5375851/politics-chat-trump-meets-zelenskyy-china-denies-being-in-negotiations-with-u-s
26-Apr-25,Former US Ambassador to Russia on the Trump-Zelenskyy meeting,"Scott Detrow SCOTT DETROW, HOST:",https://www.npr.org/2025/04/26/nx-s1-5376488/former-us-ambassador-to-russia-on-the-trump-zelenskyy-meeting
26-Apr-25,Trump meets Zelenskyy during visit to Pope Francis' funeral,Deepa Shivaram Ukraine's President Volodymyr Zelenskyy (right) and President Trump talk as they attend the funeral of Pope Francis at the Vatican on Saturday.Ukrainian Presidential Press Office/APhide caption,https://www.npr.org/2025/04/26/g-s1-62926/trump-zelenskyy-pope-francis-funeral
24-Apr-25,White House pushes Ukrainian President Zelenskyy to accept a U.S.-backed peace deal,By Charles Maynes,https://www.npr.org/2025/04/24/nx-s1-5374002/white-house-pushes-ukrainian-president-zelenskyy-to-accept-a-u-s-backed-peace-deal
23-Apr-25,Trump says Zelenskyy will prolong war by rejecting Russian control of Crimea,By Willem Marx,https://www.npr.org/2025/04/23/nx-s1-5373407/ukraine-peace-talks-us-trump-russia-putin
21-Apr-25,"Zelenskyy pays tribute to the pope, who angered Ukrainians in recent years","Joanna Kakissis Ukrainian President Volodymyr Zelenskyyposted a photoof himself shaking hands with Pope Francis andpraisedthe pontiff as someone who ""knew how to give hope, ease suffering through prayer, and foster unity.",https://www.npr.org/2025/04/21/g-s1-61598/zelenskyy-pays-tribute-to-the-pope-who-had-mixed-reviews-among-ukrainians
20-Apr-25,Zelenskyy says Russia trying to create 'impression of ceasefire' as attacks continue,By The Associated Press,https://www.npr.org/2025/04/20/g-s1-61446/zelenskyy-russia-ceasefire-impression-attacks-continue-easter
20-Mar-25,Zelenskyy and Trump speak after Trump call with Putin,"Eleanor Beardsley After a phone call with President Trump Wednesday, Ukrainian President Volodymyr Zelenskyy has agreed to stop striking Russian oil depots and energy infrastructure as part of a ceasefire deal.",https://www.npr.org/2025/03/20/nx-s1-5333801/zelenskyy-and-trump-speak-after-trump-call-with-putin
19-Mar-25,Zelenskyy and Trump speak after Trump's call with Putin,By Nick Spicer,https://www.npr.org/2025/03/19/nx-s1-5333234/zelenskyy-trump-call-putin-ukraine-russia-war
17-Mar-25,Ukrainians rally aroundZelenskyyahead of Trump's call with Putin,Eleanor Beardsley Ukrainians are rallying around their president and turning to humor as President Trump prepares for a phone call with Putin.,https://www.npr.org/2025/03/17/nx-s1-5330421/ukrainians-rally-around-zelenskyy-ahead-of-trumps-call-with-putin
14-Mar-25,Zelenskyywants U.S. to hit Russia with 'maximum' sanctions if it refuses a ceasefire,"Joanna Kakissis Ukrainian President Volodymyr Zelenskyy speaks during the briefing in Kyiv, Ukraine, Wednesday.Efrem Lukatsky/APhide caption",https://www.npr.org/2025/03/14/nx-s1-5328696/zelenskyy-ukraine-russia-war-ceasefire-talks
6-Mar-25,The EU backs a big defense package asZelenskyyconfirms talks with the U.S. next week,By Teri Schultz,https://www.npr.org/2025/03/06/nx-s1-5318674/ukraine-russia-european-union-summit-trump
5-Mar-25,Nobel Peace Prize winner Lech Walesa condemns President Trump's treatment ofZelenskyy,Rob Schmitz Nobel Peace Prize winner Lech Walesa expresses fear and distaste at how Trump treats Ukrainian president Volodymyr Zelenskyy.,https://www.npr.org/2025/03/05/nx-s1-5317474/nobel-peace-prize-winner-lech-walesa-condemns-president-trumps-treatment-of-zelenskyy
4-Mar-25,President Trump pauses Ukraine military aid after disastrous meeting withZelenskyy,By Joanna Kakissis,https://www.npr.org/2025/03/04/nx-s1-5316900/president-trump-pauses-ukraine-military-aid-after-disastrous-meeting-with-zelenskyy
3-Mar-25,What Putin thinks of the tensions between Trump andZelenskyy,"Leila Fadel LEILA FADEL, HOST:",https://www.npr.org/2025/03/03/nx-s1-5314911/what-putin-thinks-of-the-tensions-between-trump-and-zelenskyy
3-Mar-25,"Zelenskyyin London, Gaza Ceasefire Status, Judicial Accountability","Ukraine's President Volodymyr Zelenskyy received a warm welcome in London from the British prime minister and other European leaders, after a contentious meeting with President Trump in Washington. Israel and Hamas are at loggerheads over the next phase of the six-week-old Gaza ceasefire. And, an NPR investigation finds gaps in the systems to report misbehavior by federal judges and a widespread culture of fear about reporting abuse.Want more comprehensive analysis of the most important news of the day, plus a little fun?Subscribe to the Up First newsletter.Today's episode of Up First was edited by Miguel Macias, Didi Schanche, Krishnadev Calamur, Alice Woelfle and Mohamad ElBardicy.It was produced by Ziad Buchh, Claire Murashima and Chris Thomas.We get engineering support from Zac Coleman, our technical director is David Greenburg",https://www.npr.org/2025/03/03/1235624360/zelenskyy-in-london-gaza-ceasefire-status-judicial-accountability
2-Mar-25,"GOP congressman Lawler says ""only winner"" in tense Trump-Zelenskyysummit was Putin","Ayesha Rascoe Vice President JD Vance, right, speaks with Ukrainian President Volodymyr Zelenskyy, left, as President Donald Trump listens in the Oval Office at the White House, Friday, Feb. 28, 2025, in Washington.Mystyslav Chernov/APhide caption",https://www.npr.org/2025/03/02/nx-s1-5314353/rep-mike-lawler-discusses-republicans-reaction-to-the-tense-trump-zelenskyy-meeting
2-Mar-25,Where US-Ukraine relations stand after the Trump-Zelenskyy standoff,By Greg Myre,https://www.npr.org/2025/03/02/nx-s1-5312023/where-us-ukraine-relations-stand-after-the-trump-zelenskyy-standoff
2-Mar-25,How Washington is reacting to the heated Trump-Zelenskyy meeting,Luke Garrett President Trump meets with Ukrainian President Volodymyr Zelenskyy in the Oval Office at the White House on Friday.Mstyslav Cherno/APhide caption,https://www.npr.org/2025/03/02/g-s1-51593/trump-zelenskyy-meeting-republicans-reaction
1-Mar-25,John Bolton discusses the implications of a tense Trump-Zelenskyy press conference,"Scott Simon SCOTT SIMON, HOST:",https://www.npr.org/2025/03/01/nx-s1-5313472/john-bolton-discusses-the-implications-of-a-tense-trump-zelenskyy-press-conference
1-Mar-25,Ukrainians react to tense meeting between Presidents Zelenskyy and Trump,By Joanna Kakissis,https://www.npr.org/2025/03/01/nx-s1-5313121/ukrainians-react-to-tense-meeting-between-presidents-zelenskyy-and-trump
1-Mar-25,Ukrainians express shock and outrage at Trump berating Zelenskyy at the White House,By Joanna Kakissis,https://www.npr.org/2025/03/01/nx-s1-5311993/ukrainians-express-shock-and-outrage-at-trump-berating-zelenskyy-at-the-white-house
1-Mar-25,"Week in politics: Contentious Trump-Zelenskyy press conference, federal agency cuts",By Scott Simon,https://www.npr.org/2025/03/01/nx-s1-5311552/week-in-politics-contentious-trump-zelenskyy-press-conference-federal-agency-cuts
1-Mar-25,European leaders renew support for Ukraine after Zelenskyy's stormy meeting with Trump,By Willem Marx,https://www.npr.org/2025/03/01/g-s1-51506/european-leaders-react-to-zelenskyy-oval-office
1-Mar-25,"Zelenskyy-Vance-Trump Blow Up, DOJ Demotions, Feds Plan for Bird Flu","Ukrainians react to the stunning events in the Oval Office that ended not with a signed minerals deal, but with shouting. Trump's Department of Justice demotes career lawyers who were involved in prosecutions of Trump allies and January 6th rioters. The Department of Agriculture announces plans to fight bird flu and high egg prices.",https://www.npr.org/2025/03/01/1235173135/up-first-united-states-shifting-alliances
28-Feb-25,What's next for Ukraine after Zelenskyy and Trump's tense Oval Office meeting,"Greg Myre In an extraordinary scene, the White House meeting between President Trump and Ukrainian leader Volodymyr Zelenskyy turned into a shouting match on live television.",https://www.npr.org/2025/02/28/nx-s1-5313403/whats-next-for-ukraine-after-zelenskyy-and-trumps-tense-oval-office-meeting
28-Feb-25,Zelenskyy leaves the White House early after Trump meeting gets heated,"By President Trump and Ukrainian President Volodymyr Zelenskyy meet in the Oval Office of the White House in Washington, D.C., on Friday.Saul Loeb/AFP via Getty Imageshide caption",https://www.npr.org/2025/02/28/nx-s1-5313079/trump-zelenskyy-meeting
28-Feb-25,"Meeting Trump at White House, Zelenskyy hopes for continued aid in war with Russia","Joanna Kakissis Trump and Ukraine's President Volodymyr Zelenskyy shake hands during their meeting at Trump Tower, Sept. 27, 2024, in New York.Julia Demaree Nikhinson/APhide caption",https://www.npr.org/2025/02/28/nx-s1-5312880/trump-zelenskyy-minerals-ukraine-russia
28-Feb-25,Zelenskyy's visit to the White House ends abruptly after Oval Office spat,By Asma Khalid,https://www.npr.org/2025/02/28/nx-s1-5312076/zelenskyys-visit-to-the-white-house-ends-abruptly-after-oval-office-spat
28-Feb-25,Ukrainian President VolodymyrZelenskyyto meet President Trump Friday,By Joanna Kakissis,https://www.npr.org/2025/02/28/nx-s1-5311472/ukrainian-president-volodymyr-zelenskyy-to-meet-president-trump-friday
28-Feb-25,"Trump,Zelenskyyshouting match underscores change in U.S. foreign policy",Domenico Montanaro President Trump looks on during a joint press conference with U.K. Prime Minister Keir Starmer in the East Room at the White House on Feb. 27.Andrew Harnik/Getty Imageshide caption,https://www.npr.org/2025/02/28/nx-s1-5310647/trump-week-ukraine-russia
28-Feb-25,"ZelenskyyVisits DC, Tate Brothers In Florida, USAID Standoff, AOC and DOJ","The Ukrainian President is arriving in Washington to discuss a deal involving his country's rare earth minerals, social media influencers Andrew and Tristan Tate were charged with human trafficking in Romania and have now arrived in Florida, and the Supreme Court weighed in on a case involving frozen funds at USAID. Also, Rep. Ocasio-Cortez asks the Justice Department if she is under investigation.Want more comprehensive analysis of the most important news of the day, plus a little fun?Subscribe to the Up First newsletter.Today's episode of Up First was edited by Ryland Barton, Russell Lewis, Catherine Laidlaw, Janaya Williams and Alice Woelfle. It was produced by Ziad Buchh, Ben Abrams, Christopher Thomas and Paige Waterhouse. We get engineering support from Arthur Laurent, and our technical director is Carleigh Strange. Our Executive Producer is Kelley Dickens.",https://www.npr.org/2025/02/28/1234443296/up-first-zelenskyy-dc-andrew-tristan-tate-usaid-02-28-2025
26-Feb-25,Ukraine's Zelenskyy will meet Trump Friday to finish a minerals deal,By Joanna Kakissis,https://www.npr.org/2025/02/26/nx-s1-5309488/us-ukraine-critical-minerals-deal-trump-zelenskyy
21-Feb-25,"In U.S. reversal, President Trump attacks Zelenskyy and blames Ukraine for war",By Greg Myre,https://www.npr.org/2025/02/21/nx-s1-5302498/in-u-s-reversal-president-trump-attacks-zelenskyy-and-blames-ukraine-for-war
20-Feb-25,Trump escalates attacks on Zelenskyy while falsely blaming him for Russia's invasion,"Franco Ordoñez President Trump is escalating his personal attacks on Ukrainian President Volodymyr Zelenskyy, calling him a ""dictator."" It's the latest example in the explosive relationship between the two leaders.",https://www.npr.org/2025/02/20/nx-s1-5299997/trump-escalates-attacks-on-zelenskyy-while-falsely-blaming-him-for-russias-invasion
20-Feb-25,"Reversing U.S. policy, Trump attacks Zelenskyy, blames Ukraine for war with Russia",By Greg Myre,https://www.npr.org/2025/02/20/g-s1-49858/reversing-u-s-policy-trump-attacks-zelenskyy-blames-ukraine-for-war-with-russia
20-Feb-25,"DOGE saved far less than claimed. And, Trump blames Zelenskyy for Russia's invasion",By Brittney Melton,https://www.npr.org/2025/02/20/g-s1-49828/up-first-newsletter-doge-online-savings-tracker-volodymyr-zelenskyy-russia
20-Feb-25,"Trump and Zelenskyy Feud, DOGE Savings Claims, Hamas Releases Four Hostage Bodies","A look at the roots of the difficult relationship between President Trump and President Zelenskyy. DOGE says its saved taxpayers billions of dollars. How do these claims stack up against the evidence? And Hamas returns the bodies of four Israeli hostages held in Gaza since the October 7, 2023 attack.Want more comprehensive analysis of the most important news of the day, plus a little fun?Subscribe to the Up First newsletter.Today's episode of Up First was edited by Dana Farrington, Padmananda Rama, Didi Schanche, Reena Advani and Janaya Williams. It was produced by Ziad Buchh, Nia Dumas and Christopher Thomas. We get engineering support from Stacey Abbott and our technical director is Carleigh Strange. Our Executive Producer is Kelley Dickens.",https://www.npr.org/2025/02/20/1232637591/up-first-trump-zelenskyy-doge-savings-israel-hostages-02-20-2025
19-Feb-25,Zelenskyy hits back against Trump's comments blaming Ukraine for the war with Russia,Joanna Kakissis Ukraine's President Volodymyr Zelenskyy speaks to reporters in Kyiv on Wednesday.TETIANA DZHAFAROVA/POOL/AFP via Getty Imageshide caption,https://www.npr.org/2025/02/19/nx-s1-5302023/ukraine-zelenskyy-trump-russia-war
17-Feb-25,Zelenskyy looks to get a seat at the table for U.S. and Russia's Ukraine peace talks,By Joanna Kakissis,https://www.npr.org/2025/02/17/nx-s1-5299837/zelenskyy-looks-to-get-a-seat-at-the-table-for-u-s-and-russias-ukraine-peace-talks
15-Feb-25,Zelenskyy calls for the creation of a European army at the Munich Security Conference,By Joanna Kakissis,https://www.npr.org/2025/02/15/nx-s1-5298156/zelenskyy-calls-for-the-creation-of-a-european-army-at-the-munich-security-conference
13-Feb-25,Trump calls Putin and Zelenskyy separately to start talks to end the war in Ukraine,By Charles Maynes,https://www.npr.org/2025/02/13/nx-s1-5294647/trump-calls-putin-and-zelenskyy-separately-to-start-talks-to-end-the-war-in-ukraine
5-Feb-25,Former Zelenskyy press secretary makes the case for ceasefire,By Kathryn Fink,https://www.npr.org/2025/02/05/nx-s1-5282166/former-zelenskyy-press-secretary-makes-the-case-for-ceasefire
20-Jan-25,Ukraine's Volodymyr Zelenskyy congratulates Trump,"Joanna Kakissis Ukraine's president, Volodymyr Zelenskyy, congratulated President Trump on taking office, calling him ""a man of strength."" He said Ukrainians are ready to work with Americans to achieve ""true peace.""",https://www.npr.org/2025/01/20/g-s1-43847/ukraines-volodymyr-zelenskyy-congratulates-trump
26-Sep-24,Zelenskyy met with leaders in Washington to press for ongoing support for Ukraine,Franco Ordoñez President Biden welcomes Ukraine's President Zelenskyy with a pledge of additional military assistance. Zelenskyy also met with Vice President Harris and bipartisan groups in the House and Senate.,https://www.npr.org/2024/09/26/nx-s1-5129632/zelenskyy-met-with-leaders-in-washington-to-press-for-ongoing-support-for-ukraine
25-Sep-24,Zelenskyy warns that Russia may attack Ukrainian power plants at UNGA,Michele Kelemen Ukraine's President Volodmyr Zelensky tries to rally support at a UN distracted by the Middle East and warns Russia may be planning to attack his country's nuclear power plants.,https://www.npr.org/2024/09/25/nx-s1-5124853/zelenskyy-warns-that-russia-may-attack-ukrainian-power-plants-at-unga
31-Aug-24,Ukrainian president Zelenskyy fires air force commander after fatal F-16 crash,By The Associated Press,https://www.npr.org/2024/08/31/g-s1-20449/ukraine-president-zelenskyy-fires-air-force-commander-f16-crash
8-Aug-24,"Ukraine must drive Russia troops away from border areas, a Zelenskyy adviser says",By Greg Myre,https://www.npr.org/2024/08/08/nx-s1-5064166/ukraine-must-drive-russia-troops-away-from-border-areas-a-zelenskyy-adviser-says
2-Jul-24,Hungary's Orbán in Kyiv for talks withZelenskyyin first visit since the war began,By The Associated Press,https://www.npr.org/2024/07/02/nx-s1-5026348/orban-hungary-ukraine-kyiv-meets-with-zelenskyy
2-Jun-24,Zelenskyyaccuses China of helping Russia undermine peace summit,By Emily Feng,https://www.npr.org/2024/06/02/g-s1-2426/zelenskyy-accuses-china-of-helping-russia-undermine-peace-summit
21-May-24,Zelenskyy's popularity in Ukraine has fallen. Will he hold elections?,"Steve Inskeep Ukrainian President Zelenskyy's approval rating soared to a high of 90% after Russia's full-scale invasion in 2022. As the war drags on, his popularity has waned.",https://www.npr.org/2024/05/21/1252641146/zelenskyys-popularity-in-ukraine-has-fallen-will-he-hold-elections
21-May-24,"As the war in Ukraine drags on,Zelenskyy's popularity has waned",,https://www.npr.org/2024/05/21/1252623096/as-the-war-in-ukraine-drags-on-zelenskyy-s-popularity-has-waned
5-May-24,"Ukraine'sZelenskyycalls God an ""ally"" against Russia in Orthodox Easter message",By The Associated Press,https://www.npr.org/2024/05/05/1249207522/ukraines-zelenskyy-calls-god-an-ally-against-russia-in-orthodox-easter-message
17-Apr-24,Zelenskyysays Ukraine deserves the same military help Israel received against Iran,By Polina Lytvynova,https://www.npr.org/2024/04/17/1245238031/zelenskyy-says-ukraine-deserves-the-same-military-help-israel-received-against-i
31-Mar-24,Politics chat:Zelenskyyappeals for aid; Robert F. Kennedy Jr names running mate,By Ayesha Rascoe,https://www.npr.org/2024/03/31/1241888287/politics-chat-zelenskyy-appeals-for-aid-robert-f-kennedy-jr-names-running-mate
25-Feb-24,"31,000 Ukrainian troops have been killed so far in the war,Zelenskyysays","Joanna Kakissis Ukrainian President Volodymyr Zelenskyy answers media questions, during his press conference in Kyiv, Ukraine, on Sunday.Evgeniy Maloletka/APhide caption",https://www.npr.org/2024/02/25/1233801790/ukraine-troops-killed-war-zelenskyy-russia-ammunition
17-Feb-24,Harris says 'there is only Plan A' for Ukraine aid.Zelenskyysays he's counting on it,By Asma Khalid,https://www.npr.org/2024/02/17/1232247360/kamala-harris-ukraine-zelenskyy
9-Feb-24,Zelenskyyreplaces Ukraine's army's leader almost 2 years into war with Russia,"STEVE INSKEEP, HOST: President Volodymyr Zelenskyy says he is sidelining his military commander as Russia's full-scale invasion of Ukraine approaches its third year.",https://www.npr.org/2024/02/09/1230337044/zelenskyy-replaces-ukraines-armys-leader-almost-2-years-into-war-with-russia
8-Feb-24,Ukraine'sZelenskyyreplaces the army's leader almost 2 years into war with Russia,By The Associated Press,https://www.npr.org/2024/02/08/1230053272/ukraine-zelenskyy-replaces-army-leader
23-Jan-24,How war changed Ukrainian President VolodymyrZelenskyy,By Dave Davies,https://www.npr.org/2024/01/23/1226278535/the-showman-ukraine-russia-zelenskyy-simon-shuster
23-Jan-24,How War Changed Ukrainian President Volodymyr Zelenskyy,"Timecorrespondent Simon Shuster has been interviewing Ukrainian President Volodymyr Zelenskyy since 2019, when Zelenskyy was still a famous entertainer and satirist. Shuster talks about Zelenskyy's rise to power, the infamous call with Trump that led to Trump's first impeachment, and how the war with Russia has changed him. Shuster's new book isThe Showman.",https://www.npr.org/2024/01/23/1197962002/fresh-air-draft-01-23-2024
16-Jan-24,Zelenskyy takes center stage in Davos as he tries to rally support for Ukraine,By The Associated Press,https://www.npr.org/2024/01/16/1224878809/zelenskyy-takes-center-stage-in-davos-as-he-tries-to-rally-support-for-ukraine
16-Dec-23,"Week in politics: Biden calls Israel's bombing 'indiscriminate,' Zelenskyy in the U.S.",By Scott Simon,https://www.npr.org/2023/12/16/1219824072/week-in-politics-biden-calls-israels-bombing-indiscriminate-zelenskyy-in-the-u-s
12-Dec-23,Ukraine's Zelenskyy visits Washington for a last-ditch effort to secure U.S. aid,Deirdre Walsh Ukraine's president is making a last-ditch trip to Washington to try to convince Congress to give more weapons and aid for his fight against Russia.,https://www.npr.org/2023/12/12/1218876418/ukraines-zelenskyy-visits-washington-for-a-last-ditch-effort-to-secure-u-s-aid
12-Dec-23,Ukrainian President Zelenskyy is in Washigton to make plea to Congress for funding,By Mara Liasson,https://www.npr.org/2023/12/12/1218694343/ukrainian-president-zelenskyy-is-in-washigton-to-make-plea-to-congress-for-fundi
12-Dec-23,Retired Lt. Col. Alexander Vindman discusses Zelenskyy's push for more U.S. aid,"Michel Martin MICHEL MARTIN, HOST:",https://www.npr.org/2023/12/12/1218694280/retired-lt-col-alexander-vindman-discusses-zelenskyys-push-for-more-u-s-aid
12-Dec-23,Zelenskyy is making a last-ditch push to get more U.S. weapons and aid for Ukraine,By Franco Ordoñez,https://www.npr.org/2023/12/12/1218588127/zelenskyy-ukraine-funding-biden
12-Dec-23,"Texas Abortion Case, Biden and Zelenskyy, Trump and SCOTUS","A Texas woman has left the state, whose highest court ruled she does not meet the exception to the abortion ban, to have the procedure. Ukrainian President Volodymyr Zelenskyy meets President Biden in Washington as the pair makes a last-ditch plea to Congress for funding. And the Supreme Court has been asked to fast track a case that centers on whether former President Donald Trump should be shielded from criminal prosecution.Want more comprehensive analysis of the most important news of the day, plus a little fun?Subscribeto the Up First newsletter.Today's episode of Up First was edited by Diana Webber, Roberta Rampton, Krishnadev Calamurand Olivia Hampton. It was produced by Kaity Kline, David West and Lindsay Totty. We get engineering support from Stacey Abbott. And our technical director is Zac Coleman.",https://www.npr.org/2023/12/12/1198909625/texas-abortion-case-biden-and-zelenskyy-trump-and-scotus
12-Dec-23,Zelenskyy's Pitch for More American Dollars,Ukraine's President Volodymyr Zelenskyy holding a US flag given to him by then House Speaker Nancy Pelosi (D-CA). Nearly a year later he's back in Washington to ask lawmakers for more aid.Mandel Ngan/AFP via Getty Imageshide caption Ukraine's President Volodymyr Zelenskyy holding a US flag given to him by then House Speaker Nancy Pelosi (D-CA). Nearly a year later he's back in Washington to ask lawmakers for more aid.,https://www.npr.org/2023/12/12/1198909490/zelenskyys-pitch-for-more-american-dollars
11-Dec-23,"Seeking more U.S. aid, Ukrainian PresidentZelenskyywill visit Washington",Deirdre Walsh Ukrainian President Zelensky is coming to Washington Tuesday to make a plea for Congress to approve more money to help in the country's war against Russia.,https://www.npr.org/2023/12/11/1218643432/seeking-more-u-s-aid-ukrainian-president-zelenskyy-will-visit-washington
11-Dec-23,Biden invitesZelenskyyto the White House as he pushes for more aid for Ukraine,Franco Ordoñez President Biden has invited Ukrainian President Volodymyr Zelenskyy to the White House on Tuesday as a show of commitment while Congress debates funding for the war.,https://www.npr.org/2023/12/11/1218495115/biden-invites-zelenskyy-to-the-white-house-as-he-pushes-for-more-aid-for-ukraine
6-Oct-23,"Russian strike kills dozens of Ukrainian civilians attending a wake,Zelenskyysays",By The Associated Press,https://www.npr.org/2023/10/06/1204091672/russia-strike-ukrainian-village-kills-more-than-50
22-Sep-23,Zelenskyyreaches out to the U.S. for more aid to help end Russia's invasion,Steve Inskeep,https://www.npr.org/2023/09/22/1200998415/zelenskyy-reaches-out-to-the-u-s-for-more-aid-to-help-end-russias-invasion
22-Sep-23,Zelenskyyarrives in Canada to speak before Parliament and boost support for Ukraine,By The Associated Press,https://www.npr.org/2023/09/22/1200993256/zelenskyy-canada-speak-parliament-to-boost-support
22-Sep-23,Up First briefing: UAW strike deadline; East Coast storm;Zelenskyyinterview,By Rachel Treisman,https://www.npr.org/2023/09/22/1200813435/up-first-briefing-uaw-strike-deadline-tropical-storm-zelenskyy-ukraine-war-life
22-Sep-23,Zelenskyydefends Ukraine's spending of Western aid,By Steve Inskeep,https://www.npr.org/2023/09/22/1200812392/securing-his-western-flank-zelenskyy-bids-to-maintain-his-u-s-support
22-Sep-23,BONUS: Zelenskyy Makes Case For More Aid,,https://www.npr.org/2026/01/01/1198920519/zz-upfirst-bonusdraft
21-Sep-23,Ukrainian President Zelenskyy courts Washington for aid amid some GOP Resistance,Tamara Keith Ukraine's president visits Washington as the White House faces resistance from House Republicans for its latest funding request to help with the country's defense against Russia.,https://www.npr.org/2023/09/21/1200898104/ukrainian-president-zelenskyy-courts-washington-for-aid-amid-some-gop-resistance
21-Sep-23,Up First briefing: House budget dispute; Zelenskyy in D.C.; Simone Biles makes history,"Suzanne Nuyen House Republicans are at war with themselvesas a government shutdown is less than two weeks away. They tried to pass a spending bill this week, but a group of far-right representatives are blocking their own party.",https://www.npr.org/2023/09/21/1200742719/up-first-briefing-house-budget-dispute-zelenskyy-in-d-c-simone-biles-makes-histo
21-Sep-23,"As Ukraine's war drags on and a D.C. shutdown looms, Zelenskyy makes his case for aid","Becky Sullivan Ukrainian President Volodymyr Zelenskyy arrives in the U.S. Capitol Thursday alongside House Minority Leader Rep. Hakeem Jeffries, a Democrat from New York.Anna Moneymaker/Getty Imageshide caption",https://www.npr.org/2023/09/21/1200674632/zelenskyy-washington-ukraine-funding-shutdown
21-Sep-23,"GOP Spending Rift, Zelenskyy Interview, Louisiana Police Probe","House Republicans can't agree on a stopgap government spending bill, NPR's Steve Inskeep speaks with Ukrainian President Volodymyr Zelensky and lawsuits say Baton Rouge police beat detainees.Want more comprehensive analysis of the most important news of the day, plus a little fun?Subscribeto the Up First newsletter.Today's episode of Up First was edited by Krishnadev Calamur, Susanna Capelouto, Ally Schweitzer and Olivia Hampton. It was produced by Shelby Hawkins, Ziad Buchh and Julie Depenbrock. We get engineering support from Hannah Gluvna. And our technical director is Zac Coleman.",https://www.npr.org/2023/09/21/1198908048/up-first-draft-09-21-2023
20-Sep-23,Ukrainian President Zelenskyy makes case for continued U.S. support against Russia,"Steve Inskeep AILSA CHANG, HOST:",https://www.npr.org/2023/09/20/1200671374/ukrainian-president-zelenskyy-makes-case-for-continued-u-s-support-against-russi
20-Sep-23,"As the U.S. mulls more aid to Ukraine, Zelenskyy says 'we have the same values'",By Rachel Treisman,https://www.npr.org/2023/09/20/1200386054/zelenskyy-us-aid-ukraine
19-Sep-23,Zelenskyy's U.S. visit comes as Republican opposition to Ukraine aid grows,By Susan Davis,https://www.npr.org/2023/09/19/1199503861/zelenskyy-ukraine-aid-republican-congress-shutdown-spending
5-Sep-23,"Congress mulls more money for Ukraine, as Zelenskyy replaces his defense minister","LEILA FADEL, HOST: As Congress mulls over whether to approve more money for Ukraine, Ukraine's president Volodymyr Zelenskyy, is replacing his defense minister. To understand what this means, we turn to Michael Bociurkiw, a senior fellow at the Atlantic Council and former spokesman for the Organization for Security and Co-operation in Europe. Michael, thanks for being on the program.",https://www.npr.org/2023/09/05/1197578304/congress-mulls-more-money-for-ukraine-as-zelenskyy-replaces-his-defense-minister
4-Sep-23,Ukraine's President Volodymyr Zelenskyy sacks the country's defense minister,By Leila Fadel,https://www.npr.org/2023/09/04/1197528512/ukraines-president-volodymyr-zelenskyy-sacks-the-countrys-defense-minister
4-Sep-23,"Zelenskyy Sacks Defense Minister, Putin Meets Erdogan, Americans Celebrate Labor Day","Ukrainian President Volodymyr Zelenskyy is replacing his defense minister. Russian President Vladimir Putin will meet his Turkish counterpart to revive the suspended grain deal. And Americans have the day off to celebrate Labor Day.Want more comprehensive analysis of the most important news of the day, plus a little fun?Subscribeto the Up First newsletter.Today's episode of Up First was edited by Rafael Nam, Mark Katkov and Peter Granitz. It was produced by Shelby Hawkins, Chad Campbell, Taylor Haney and Ziad Buchh. We get engineering support from Carleigh Strange . And our technical director is Neisha Heinis.",https://www.npr.org/2023/09/03/1197523300/zelenskyy-sacks-defense-minister-putin-meets-erdogan-americans-celebrate-labor-d
4-Sep-23,Ukraine's Zelenskyy says defense minister will be replaced this week,By The Associated Press,https://www.npr.org/2023/09/03/1197512104/ukraine-zelenskyy-defense-minister-replaced-umerov-reznikov
26-Aug-23,Zelenskyydenies any role in the plane crash that killed Wagner Group chief Prigozhin,By Scott Simon,https://www.npr.org/2023/08/26/1196170784/zelenskyy-denies-any-role-in-the-plane-crash-that-killed-wagner-group-chief-prig
6-Aug-23,"Zelenskyysays bomb hit blood transfusion center, while shelling kills 3 overnight",By The Associated Press,https://www.npr.org/2023/08/06/1192386597/zelenskyy-says-bomb-hit-blood-transfusion-center-shelling-kills-3-overnight
27-Jul-23,"Russian journalist Mikhail Zygar discusses Putin,Zelenskyyand the war in Ukraine","Leila Fadel A MART_NEZ, HOST:",https://www.npr.org/2023/07/27/1190427931/russian-journalist-mikhail-zygar-discusses-putin-zelenskyy-and-the-war-in-ukrain
12-Jul-23,Ukraine can't join NATO yet. But Biden saysZelenskyyis OK with that,By Lexie Schapitl,https://www.npr.org/2023/07/12/1187291581/biden-vilnius-ukraine-nato
12-Jul-23,Up First briefing:Zelenskyyat NATO; SAG-AFTRA deadline; #whitepeoplefood,"Suzanne Nuyen President Biden will meet with Ukrainian President Volodymyr Zelenskyytoday as the NATO summit wraps up in Lithuania. NATO leaders agreed yesterday that Ukraine could join the alliance eventually but gave no timeline, angering Zelenskyy. On twitter, he said NATO's reluctance to set a timetable was ""absurd.""",https://www.npr.org/2023/07/12/1187180999/up-first-briefing-zelenskyy-at-nato-sag-aftra-deadline-whitepeoplefood
12-Jul-23,"Biden MeetsZelenskyy, June Inflation, SAG-AFTRA Deadline Expires","President Joe Biden meets his Ukrainian counterpart. New inflation numbers are set to show easing inflation. And major Hollywood studios' contract with the actors' union is set to expire.Want more comprehensive analysis of the most important news of the day, plus a little fun?Subscribeto the Up First newsletter.Up First is produced by Nina Kravinsky, Shelby Hawkins and Kaity Kline. Our editors are Olivia Hampton, Rafael Nam, Michael Sullivan, Denice Rios and Alice Woelfle. Our technical director is Zac Coleman with engineering support from Arthur Laurent.",https://www.npr.org/2023/07/12/1187172187/biden-meets-zelenskyy-june-inflation-sag-aftra-deadline-expires
8-Jul-23,Zelenskyyhails Ukraine's soldiers from a Black Sea island to mark 500 days of war,By The Associated Press,https://www.npr.org/2023/07/08/1186662854/zelenskyy-ukraine-war-500-days-russia-turkey
8-Jul-23,Turkey's Erdogan hostsZelenskyyand says Ukraine deserves membership in NATO,By The Associated Press,https://www.npr.org/2023/07/08/1186626989/turkeys-erdogan-zelenskyy-ukraine-deserves-membership-nato
5-Jul-23,Ukraine'sZelenskyywarns of possible Russian sabotage at nuclear plant,"Greg Myre A Russian serviceman guards the Zaporizhzhia Nuclear Power Plant in in southeastern Ukraine in May 2022. Ukrainian President Volodymyr Zelenskyy says Russia has placed devices that look like explosives on top of reactors at the plant. He says Russia may carry out sabotage and blame Ukraine. Russia, in turn, says Ukraine is planning to attack the plant.APhide caption",https://www.npr.org/2023/07/05/1185980734/zelenskyy-warns-sabotage-nuclear-plant
10-Jun-23,Ukraine'sZelenskyyconfirms that an offensive against Russia is underway,"Greg Myre Ukrainian President Volodymyr Zelenskyy speaks during a joint news conference with Canada's Prime Minister Justin Trudeau in Kyiv, Ukraine, on Saturday.Efrem Lukatsky/APhide caption",https://www.npr.org/2023/06/10/1181512637/zelenskyy-ukraine-counteroffensive
4-Jun-23,PresidentZelenskyysays 2-year-old is one of 500 Ukrainian children killed in war,By The Associated Press,https://www.npr.org/2023/06/04/1180031066/president-zelenskyy-says-2-year-old-is-one-of-500-ukrainian-children-killed-in-w
3-Jun-23,Zelenskyyaccepts Ukraine cannot become a NATO member until the war ends,"Scott Simon SCOTT SIMON, HOST:",https://www.npr.org/2023/06/03/1179979756/zelenskyy-accepts-ukraine-cannot-become-a-nato-member-until-the-war-ends
25-May-23,Ukraine's Zelenskyy surprises Johns Hopkins grads as their commencement speaker,By Jonathan Franklin,https://www.npr.org/2023/05/25/1178199774/ukrainian-president-zelenskyy-johns-hopkins-grad-speaker
22-May-23,"Latest in Ukraine: Zelenskyy scores F-16 training, as Russia claims to take Bakhmut","By President Biden walks with Ukrainian President Volodymyr Zelenskyy ahead of a working session on Ukraine during the Group of Seven summit in Hiroshima, Japan, Sunday. In a win for the Ukrainian leader, Biden supported training Ukraine's pilots to fly F-16s.Susan Walsh/APhide caption",https://www.npr.org/2023/05/22/1176391571/russia-ukraine-war-news
21-May-23,Zelenskyy's recent diplomatic moves signal a new phase for the war in Ukraine,By Ayesha Rascoe,https://www.npr.org/2023/05/21/1177391776/zelenskyys-recent-diplomatic-moves-signal-a-new-phase-for-the-war-in-ukraine
21-May-23,Zelenskyy denies Moscow's claims that Russian forces are occupying Bakhmut,By The Associated Press,https://www.npr.org/2023/05/21/1177387849/president-zelenskyy-has-said-that-bakhmut-is-destroyed-as-russia-claims-victory-
20-May-23,Zelenskyy meets world leaders at G-7,By Anthony Kuhn,https://www.npr.org/2023/05/20/1177366765/zelenskyy-meets-world-leaders-at-g-7
20-May-23,"Zelenskyy Attends G-7 Summit, Wall Street & Default, Greek Elections","Ukrainian President Volodymyr Zelenskyy arrives in Hiroshima, Japan. Markets don't seem very concerned about political wrangling over the debt ceiling. Greek voters head to the polls Sunday for elections clouded by a deadly train crash.",https://www.npr.org/2023/05/19/1177210780/zelenskyy-attends-g-7-summit-wall-street-default-greek-elections
19-May-23,Zelenskyy arrives at G-7 summit in Japan as leaders ramp up pressure on Russia,By Vincent Ni,https://www.npr.org/2023/05/19/1177024349/zelenskyy-to-japan-attend-g-7-summit
19-May-23,Ukraine's President Volodymyr Zelenskyy will attend the G-7 meeting in person,By Leila Fadel,https://www.npr.org/2023/05/19/1177023867/ukraines-president-volodymyr-zelenskyy-will-attend-the-g-7-meeting-in-person
18-May-23,"Zelenskyyarrives at Arab League summit, as Saudi Arabia flexes diplomatic muscle","Aya Batrawy In this photo provided by the Saudi Press Agency, SPA, leaders of Arab countries pose for a group picture ahead of the Arab summit in Jeddah, Saudi Arabia, Friday.Saudi Press Agency via APhide caption",https://www.npr.org/2023/05/18/1176833267/saudi-arabia-syria-arab-league-summit
15-May-23,Latest on Ukraine:Zelenskyymade a spring diplomatic offensive in Europe (May 15),"British Prime Minister Rishi Sunak (right) walks with Ukrainian President Volodymyr Zelenskyy to a waiting Chinook helicopter after meetings at Chequers, the U.K. leader's country retreat, in Aylesbury, England, on Monday.Carl Court/Getty Imageshide caption British Prime Minister Rishi Sunak (right) walks with Ukrainian President Volodymyr Zelenskyy to a waiting Chinook helicopter after meetings at Chequers, the U.K. leader's country retreat, in Aylesbury, England, on Monday.",https://www.npr.org/2023/05/15/1174956698/russia-ukraine-war-news
14-May-23,Ukraine's PresidentZelenskyyis in Germany for the first time since Russia invaded,By The Associated Press,https://www.npr.org/2023/05/14/1176057374/ukraines-president-zelenskyy-is-in-germany-for-the-first-time-since-the-war-bega
13-May-23,PresidentZelenskyymeets with the pope at the Vatican,By The Associated Press,https://www.npr.org/2023/05/13/1175998183/zelenskyy-rome-pope-francis-italian-leaders
26-Apr-23,"China's Xi calls Ukraine'sZelenskyy, after weeks of intensifying pressure to do so",By Emily Feng,https://www.npr.org/2023/04/26/1164668179/xi-putin-summit-zelenskyy-china-russia-ukraine
21-Mar-23,Japan's prime minister arrives in Ukraine for talks with PresidentZelenskyy,By The Associated Press,https://www.npr.org/2023/03/21/1164916007/japans-prime-minister-arrives-in-ukraine-for-talks-with-president-zelenskyy
24-Feb-23,"A year since Russia invaded,Zelenskyysays Ukraine needs the support of the world",Joanna Kakissis Ukraine's president Volodymyr Zelenskyy gave a lengthy press conference in Kyiv Friday as the country marked one year since Russia's invasion.,https://www.npr.org/2023/02/24/1159423030/a-year-since-russia-invaded-zelenskyy-says-ukraine-needs-the-support-of-the-worl
21-Feb-23,Zelenskyy's Transformation From Comedian To Icon Of Democracy,Ukrainian President Volodymyr Zelenskyy.Chip Somodevilla/Getty Imageshide caption Ukrainian President Volodymyr Zelenskyy.,https://www.npr.org/2023/02/20/1158327556/zelenskyys-transformation-from-comedian-to-icon-of-democracy
20-Feb-23,Biden hears Zelenskyy's plan for peace with Russia during surprise visit to Kyiv,"Joanna Kakissis President Biden visited Kyiv just shy of a year since Russia invaded Ukraine. He spent time with President Zelenskyy, who called this visit the most important in U.S.-Ukrainian history.",https://www.npr.org/2023/02/20/1158401846/biden-hears-zelenskyys-plan-for-peace-with-russia-during-surprise-visit-to-kyiv
20-Feb-23,Volodymyr Zelenskyy went from comedian to icon of democracy. This is how he did it,"Frank Langfitt Ukrainian President Volodymyr Zelenskyy delivers a virtual address to Congress at the U.S. Capitol on March 16, 2022, less than a month after Russia's invasion of Ukraine.Drew Angerer/Getty Imageshide caption",https://www.npr.org/2023/02/20/1158150926/volodymyr-zelenskyy-president-ukraine-russia-war
8-Feb-23,Why Zelenskyy visited the U.K. nearly 1 year into Russia's war on Ukraine,By Willem Marx,https://www.npr.org/2023/02/08/1155360051/zelenskyy-russia-ukraine
24-Jan-23,President Zelenskyy shakes up Ukraine's Cabinet amid corruption allegations,By Julian Hayda,https://www.npr.org/2023/01/24/1150943435/president-zelenskyy-shakes-up-ukraines-cabinet-amid-corruption-allegations
22-Dec-22,Zelenskyy told Congress continued aid is an investment in global security. Is it?,,https://www.npr.org/2022/12/22/1145010666/zelenskyy-told-congress-continued-aid-is-an-investment-in-global-security-is-it
22-Dec-22,Russia responds to Zelenskyy's visit by accusing the U.S. of a proxy war in Ukraine,By Rachel Treisman,https://www.npr.org/2022/12/22/1145004513/russia-ukraine-us-proxy-war-zelenskyy-visit
22-Dec-22,How Zelenskyy's trip to Washington is being seen in Russia,"LEILA FADEL, HOST: For more on Russia's reaction, I'm joined by Sergey Radchenko. He is the Wilson E. Schmidt distinguished professor of Russian history at the Johns Hopkins School of Advanced International Studies. Good morning.",https://www.npr.org/2022/12/22/1144942118/how-zelenskyys-trip-to-washington-is-being-seen-in-russia
22-Dec-22,Zelenskyy told Congress continued aid is an investment in global security. Is it?,"LEILA FADEL, HOST: Ukrainian President Volodymyr Zelenskyy told a joint meeting of Congress last night U.S. aid can speed up a Ukrainian victory over Russia.",https://www.npr.org/2022/12/22/1144942111/zelenskyy-told-congress-continued-aid-is-an-investment-in-global-security-is-it
21-Dec-22,Zelenskyy visits Washington to meet with Biden and address Congress,By Asma Khalid,https://www.npr.org/2022/12/21/1144821709/zelenskyy-visits-washington-to-meet-with-biden-and-address-congress
21-Dec-22,"Zelenskyy aims to shore up support with White House, Congress and American people","A MART_NEZ, HOST: Let's go now to Richard Haass. For the last 20 years, he's led the nonpartisan Council on Foreign Relations. Richard, so apart from making this in-person appeal for more military support, what do you think President Zelenskyy hopes to gain from this visit?",https://www.npr.org/2022/12/21/1144627677/zelenskyy-aims-to-shore-up-support-with-white-house-congress-and-american-people
21-Dec-22,Zelenskyy leaves Ukraine for an unexpected and high-profile visit to the U.S.,By Leila Fadel,https://www.npr.org/2022/12/21/1144627670/zelenskyy-leaves-ukraine-for-an-unexpected-and-high-profile-visit-to-the-u-s
21-Dec-22,"Zelenskyy Visits U.S., Trump Tax Returns, Taliban Bans Women From University",Ukrainian President Volodymyr Zelenskyy to visit President Biden and congressional leaders in Washington. House committee approves release of Trump's taxes. The Taliban has banned women from attending universities in Afghanistan.,https://www.npr.org/2022/12/20/1144618385/zelenskyy-visits-u-s-trump-tax-returns-taliban-bans-women-from-university
21-Dec-22,Ukrainian PresidentZelenskyyset to visit Washington,Domenico Montanaro Zelenskyy plans to meet Wednesday with President Biden and congressional leaders.,https://www.npr.org/2022/12/20/1144593321/ukrainian-president-zelenskyy-set-to-make-unexpected-washington-visit
21-Dec-22,Zelenskyyand Biden emphasize their partnership ahead of congressional address,By Ximena Bustillo,https://www.npr.org/2022/12/20/1144519200/ukrainian-president-zelenskyy-plans-to-visit-washington
7-Dec-22,Zelenskyyand the spirit of Ukraine are 'Time' magazine's 2022 Person of the Year,By Rachel Treisman,https://www.npr.org/2022/12/07/1141202568/time-person-year-zelenskyy
15-Nov-22,Zelenskyy's arrival in Kherson underscores Ukraine's momentum in the war,By Jason Beaubien,https://www.npr.org/2022/11/15/1136738608/zelenskyys-arrival-in-kherson-underscores-ukraines-momentum-in-the-war
14-Nov-22,Ukraine's PresidentZelenskyymakes surprise visit to liberated city of Kherson,By Greg Myre,https://www.npr.org/2022/11/14/1136425832/ukraines-president-zelenskyy-makes-surprise-visit-to-liberated-city-of-kherson
23-Oct-22,What the rhetoric used byZelenskyyand Putin can tell us about the war in Ukraine,"Ayesha Rascoe AYESHA RASCOE, HOST:",https://www.npr.org/2022/10/23/1130782359/rhetoric-zelenskyy-putin-russia-ukraine-war
4-Oct-22,Elon Musk's peace plan for Ukraine draws condemnation fromZelenskyy,By The Associated Press,https://www.npr.org/2022/10/04/1126714896/elon-musk-ukraine-peace-plan-zelenskyy
21-Sep-22,TopZelenskyyadviser discusses Ukraine's latest military moves,"Greg Myre AMART_NEZ, HOST:",https://www.npr.org/2022/09/21/1124218270/top-zelenskyy-advisor-discusses-ukraines-latest-military-moves
19-Sep-22,Zelenskyyaide gives insight on war in Ukraine in 'The Fight for Our Lives',"Iuliia Mendel, press secretary to Ukrainian President Volodymyr Zelenskyy, offers a peek behind the curtain in her new memoir,The Fight of Our Lives: My Time with Zelenskyy, Ukraine's Battle for Democracy and What it Means for the World. In an interview with Mary Louise Kelly, Mendel talks about Vladimir Putin _ and the resilience of Ukraine.",https://www.npr.org/2022/09/13/1122831878/zelensky-aide-gives-insight-on-war-in-ukraine-in-the-fight-for-our-lives
13-Sep-22,Zelenskyy's former spokesperson writes about working with the Ukrainian president,,https://www.npr.org/2022/09/13/1122837151/zelenskyys-former-spokesperson-writes-about-working-with-the-ukrainian-president
13-Sep-22,Zelenskyy's former spokesperson writes about working with the Ukrainian president,By Mary Louise Kelly,https://www.npr.org/2022/09/13/1122798576/zelenskyys-former-spokesperson-writes-about-working-with-the-ukrainian-president
25-Jul-22,Rep. Elissa Slotkin on her visit to Ukraine and meeting with PresidentZelenskyy,,https://www.npr.org/2022/07/25/1113558606/rep-elissa-slotkin-on-her-visit-to-ukraine-and-meeting-with-president-zelenskyy
25-Jul-22,Rep. Elissa Slotkin on her visit to Ukraine and meeting with PresidentZelenskyy,By Mary Louise Kelly,https://www.npr.org/2022/07/25/1113528112/rep-elissa-slotkin-on-her-visit-to-ukraine-and-meeting-with-president-zelenskyy
8-Jul-22,Zelenskyy has consolidated Ukraine's TV outlets and dissolved rival political parties,President Zelenskyy has consolidated all TV platforms in Ukraine into one state broadcast and restricted political rivals. Political opposition fears such civil liberty constraints could continue.,https://www.npr.org/2022/07/08/1110601672/zelenskyy-has-consolidated-ukraines-tv-outlets-and-dissolved-rival-political-par
8-Jul-22,Zelenskyy has consolidated Ukraine's TV outlets and dissolved rival political parties,Emily Feng President Zelenskyy has consolidated all TV platforms in Ukraine into one state broadcast and restricted political rivals. Political opposition fears such civil liberty constraints could continue.,https://www.npr.org/2022/07/08/1110577439/zelenskyy-has-consolidated-ukraines-tv-outlets-and-dissolved-rival-political-par
16-Jun-22,European leaders meet with Ukrainian President Zelenskyy to show unity and support,,https://www.npr.org/2022/06/16/1105664564/european-leaders-meet-with-ukrainian-president-zelenskyy-to-show-unity-and-suppo
16-Jun-22,European leaders meet with Ukrainian President Zelenskyy to show unity and support,"Greg Myre SACHA PFEIFFER, HOST:",https://www.npr.org/2022/06/16/1105633328/european-leaders-meet-with-ukrainian-president-zelenskyy-to-show-unity-and-suppo
16-Jun-22,"Ukraine's Zelenskyy hosts European leaders, welcomes more U.S. weapons",By Greg Myre,https://www.npr.org/2022/06/16/1105447087/ukraine-welcomes-us-weapons-hosts-european-leaders
14-Jun-22,One of President Zelenskyy's top advisers told NPR what Ukraine wants,The leaders of Ukraine are gaming out where the war with Russia goes from here. One of President Volodymyr Zelenskyy's top advisers at Kyiv's presidential compound weighed in on what Ukraine wants.,https://www.npr.org/2022/06/14/1105085770/one-of-president-zelenskyys-top-advisers-told-npr-what-ukraine-wants
14-Jun-22,One of President Zelenskyy's top advisers told NPR what Ukraine wants,Greg Myre The leaders of Ukraine are gaming out where the war with Russia goes from here. One of President Volodymyr Zelenskyy's top advisers at Kyiv's presidential compound weighed in on what Ukraine wants.,https://www.npr.org/2022/06/14/1105025468/one-of-president-zelenskyys-top-advisers-told-npr-what-ukraine-wants
6-Jun-22,"ZelenskyyFrontlines, Boris Johnson No-Confidence Vote, Gun Owners On Gun Control","Ukraine's President Volodymyr Zelenskyy travels to the frontlines to raise his people's spirits more than 100 days into the brutal war. British Prime Minister Boris Johnson faces a no-confidence vote. And polls show a large majority of Americans, including many gun owners, support some restrictions on firearms like stricter background checks and red flag laws. But some gun owners are hesitant to speak out about their views.",https://www.npr.org/2022/06/05/1103183541/zelenskyy-frontlines-boris-johnson-no-confidence-vote-gun-owners-on-gun-control